job	query_epitope	query_allele	label	peptide_sequence_id	donor	tissue	peptide	pep_len	unit_dist	weighted_dist	tissue_norm	tissue_group	one
MAGEA3_112_A02_KVAELVHFL_on	KVAELVHFL	A*02:01	unit	28091	AUT01-DN04	Spleen	PYAERVYFL	9	4	3.1000001	spleen	tolerated	1
MAGEA3_112_A02_KVAELVHFL_on	KVAELVHFL	A*02:01	unit	34624	AUT01-DN12	Lung	KMAEMLVEL	9	4	2.35	lung	uncertain	1
MAGEA3_112_A02_KVAELVHFL_on	KVAELVHFL	A*02:01	unit	34624	AUT01-DN15	Adrenal gland	KMAEMLVEL	9	4	2.35	adrenal gland	uncertain	1
MAGEA3_112_A02_KVAELVHFL_on	KVAELVHFL	A*02:01	unit	34624	AUT01-DN15	Bone marrow	KMAEMLVEL	9	4	2.35	bone marrow	protected	1
MAGEA3_112_A02_KVAELVHFL_on	KVAELVHFL	A*02:01	unit	34624	OVA01-DN278	Ovary	KMAEMLVEL	9	4	2.35	ovary	tolerated	1
MAGEA3_112_A02_KVAELVHFL_on	KVAELVHFL	A*02:01	unit	34624	THY01-DN4	Thymus	KMAEMLVEL	9	4	2.35	thymus	tolerated	1
MAGEA3_112_A02_KVAELVHFL_on	KVAELVHFL	A*02:01	unit	35004	AUT01-DN04	Adrenal gland	SLAELVHAV	9	4	1.25	adrenal gland	uncertain	1
MAGEA3_112_A02_KVAELVHFL_on	KVAELVHFL	A*02:01	unit	35004	AUT01-DN04	Cerebellum	SLAELVHAV	9	4	1.25	cerebellum	protected	1
MAGEA3_112_A02_KVAELVHFL_on	KVAELVHFL	A*02:01	unit	35004	AUT01-DN04	Kidney	SLAELVHAV	9	4	1.25	kidney	protected	1
MAGEA3_112_A02_KVAELVHFL_on	KVAELVHFL	A*02:01	unit	35004	AUT01-DN04	Liver	SLAELVHAV	9	4	1.25	liver	protected	1
MAGEA3_112_A02_KVAELVHFL_on	KVAELVHFL	A*02:01	unit	35004	AUT01-DN04	Lung	SLAELVHAV	9	4	1.25	lung	uncertain	1
MAGEA3_112_A02_KVAELVHFL_on	KVAELVHFL	A*02:01	unit	35004	AUT01-DN04	Ovary	SLAELVHAV	9	4	1.25	ovary	tolerated	1
MAGEA3_112_A02_KVAELVHFL_on	KVAELVHFL	A*02:01	unit	35004	AUT01-DN04	Skin	SLAELVHAV	9	4	1.25	skin	uncertain	1
MAGEA3_112_A02_KVAELVHFL_on	KVAELVHFL	A*02:01	unit	35004	AUT01-DN04	Spleen	SLAELVHAV	9	4	1.25	spleen	tolerated	1
MAGEA3_112_A02_KVAELVHFL_on	KVAELVHFL	A*02:01	unit	35004	AUT01-DN04	Thyroid	SLAELVHAV	9	4	1.25	thyroid	uncertain	1
MAGEA3_112_A02_KVAELVHFL_on	KVAELVHFL	A*02:01	unit	35004	AUT01-DN04	Uterus	SLAELVHAV	9	4	1.25	uterus	tolerated	1
MAGEA3_112_A02_KVAELVHFL_on	KVAELVHFL	A*02:01	unit	35004	AUT01-DN12	Adrenal gland	SLAELVHAV	9	4	1.25	adrenal gland	uncertain	1
MAGEA3_112_A02_KVAELVHFL_on	KVAELVHFL	A*02:01	unit	35004	AUT01-DN12	Aorta	SLAELVHAV	9	4	1.25	aorta	protected	1
MAGEA3_112_A02_KVAELVHFL_on	KVAELVHFL	A*02:01	unit	35004	AUT01-DN12	Bladder	SLAELVHAV	9	4	1.25	bladder	uncertain	1
MAGEA3_112_A02_KVAELVHFL_on	KVAELVHFL	A*02:01	unit	35004	AUT01-DN12	Bone marrow	SLAELVHAV	9	4	1.25	bone marrow	protected	1
MAGEA3_112_A02_KVAELVHFL_on	KVAELVHFL	A*02:01	unit	35004	AUT01-DN12	Cerebellum	SLAELVHAV	9	4	1.25	cerebellum	protected	1
MAGEA3_112_A02_KVAELVHFL_on	KVAELVHFL	A*02:01	unit	35004	AUT01-DN12	Colon	SLAELVHAV	9	4	1.25	colon	protected	1
MAGEA3_112_A02_KVAELVHFL_on	KVAELVHFL	A*02:01	unit	35004	AUT01-DN12	Heart	SLAELVHAV	9	4	1.25	heart	protected	1
MAGEA3_112_A02_KVAELVHFL_on	KVAELVHFL	A*02:01	unit	35004	AUT01-DN12	Kidney	SLAELVHAV	9	4	1.25	kidney	protected	1
MAGEA3_112_A02_KVAELVHFL_on	KVAELVHFL	A*02:01	unit	35004	AUT01-DN12	Liver	SLAELVHAV	9	4	1.25	liver	protected	1
MAGEA3_112_A02_KVAELVHFL_on	KVAELVHFL	A*02:01	unit	35004	AUT01-DN12	Lung	SLAELVHAV	9	4	1.25	lung	uncertain	1
MAGEA3_112_A02_KVAELVHFL_on	KVAELVHFL	A*02:01	unit	35004	AUT01-DN12	Lymph node	SLAELVHAV	9	4	1.25	lymph node	uncertain	1
MAGEA3_112_A02_KVAELVHFL_on	KVAELVHFL	A*02:01	unit	35004	AUT01-DN12	Ovary	SLAELVHAV	9	4	1.25	ovary	tolerated	1
MAGEA3_112_A02_KVAELVHFL_on	KVAELVHFL	A*02:01	unit	35004	AUT01-DN12	Skin	SLAELVHAV	9	4	1.25	skin	uncertain	1
MAGEA3_112_A02_KVAELVHFL_on	KVAELVHFL	A*02:01	unit	35004	AUT01-DN12	Small intestine	SLAELVHAV	9	4	1.25	small intestine	protected	1
MAGEA3_112_A02_KVAELVHFL_on	KVAELVHFL	A*02:01	unit	35004	AUT01-DN12	Spleen	SLAELVHAV	9	4	1.25	spleen	tolerated	1
MAGEA3_112_A02_KVAELVHFL_on	KVAELVHFL	A*02:01	unit	35004	AUT01-DN12	Thyroid	SLAELVHAV	9	4	1.25	thyroid	uncertain	1
MAGEA3_112_A02_KVAELVHFL_on	KVAELVHFL	A*02:01	unit	35004	AUT01-DN12	Tongue	SLAELVHAV	9	4	1.25	tongue	uncertain	1
MAGEA3_112_A02_KVAELVHFL_on	KVAELVHFL	A*02:01	unit	35004	AUT01-DN12	Trachea	SLAELVHAV	9	4	1.25	trachea	uncertain	1
MAGEA3_112_A02_KVAELVHFL_on	KVAELVHFL	A*02:01	unit	35004	AUT01-DN12	Uterus	SLAELVHAV	9	4	1.25	uterus	tolerated	1
MAGEA3_112_A02_KVAELVHFL_on	KVAELVHFL	A*02:01	unit	35004	AUT01-DN14	Adrenal gland	SLAELVHAV	9	4	1.25	adrenal gland	uncertain	1
MAGEA3_112_A02_KVAELVHFL_on	KVAELVHFL	A*02:01	unit	35004	AUT01-DN14	Aorta	SLAELVHAV	9	4	1.25	aorta	protected	1
MAGEA3_112_A02_KVAELVHFL_on	KVAELVHFL	A*02:01	unit	35004	AUT01-DN14	Bladder	SLAELVHAV	9	4	1.25	bladder	uncertain	1
MAGEA3_112_A02_KVAELVHFL_on	KVAELVHFL	A*02:01	unit	35004	AUT01-DN14	Bone marrow	SLAELVHAV	9	4	1.25	bone marrow	protected	1
MAGEA3_112_A02_KVAELVHFL_on	KVAELVHFL	A*02:01	unit	35004	AUT01-DN14	Brain	SLAELVHAV	9	4	1.25	brain	protected	1
MAGEA3_112_A02_KVAELVHFL_on	KVAELVHFL	A*02:01	unit	35004	AUT01-DN14	Cerebellum	SLAELVHAV	9	4	1.25	cerebellum	protected	1
MAGEA3_112_A02_KVAELVHFL_on	KVAELVHFL	A*02:01	unit	35004	AUT01-DN14	Esophagus	SLAELVHAV	9	4	1.25	esophagus	uncertain	1
MAGEA3_112_A02_KVAELVHFL_on	KVAELVHFL	A*02:01	unit	35004	AUT01-DN14	Kidney	SLAELVHAV	9	4	1.25	kidney	protected	1
MAGEA3_112_A02_KVAELVHFL_on	KVAELVHFL	A*02:01	unit	35004	AUT01-DN14	Liver	SLAELVHAV	9	4	1.25	liver	protected	1
MAGEA3_112_A02_KVAELVHFL_on	KVAELVHFL	A*02:01	unit	35004	AUT01-DN14	Lung	SLAELVHAV	9	4	1.25	lung	uncertain	1
MAGEA3_112_A02_KVAELVHFL_on	KVAELVHFL	A*02:01	unit	35004	AUT01-DN14	Lymph node	SLAELVHAV	9	4	1.25	lymph node	uncertain	1
MAGEA3_112_A02_KVAELVHFL_on	KVAELVHFL	A*02:01	unit	35004	AUT01-DN14	Muscle	SLAELVHAV	9	4	1.25	muscle	uncertain	1
MAGEA3_112_A02_KVAELVHFL_on	KVAELVHFL	A*02:01	unit	35004	AUT01-DN14	Pancreas	SLAELVHAV	9	4	1.25	pancreas	protected	1
MAGEA3_112_A02_KVAELVHFL_on	KVAELVHFL	A*02:01	unit	35004	AUT01-DN14	Spleen	SLAELVHAV	9	4	1.25	spleen	tolerated	1
MAGEA3_112_A02_KVAELVHFL_on	KVAELVHFL	A*02:01	unit	35004	AUT01-DN14	Testis	SLAELVHAV	9	4	1.25	testis	tolerated	1
MAGEA3_112_A02_KVAELVHFL_on	KVAELVHFL	A*02:01	unit	35004	AUT01-DN14	Thyroid	SLAELVHAV	9	4	1.25	thyroid	uncertain	1
MAGEA3_112_A02_KVAELVHFL_on	KVAELVHFL	A*02:01	unit	35004	AUT01-DN14	Tongue	SLAELVHAV	9	4	1.25	tongue	uncertain	1
MAGEA3_112_A02_KVAELVHFL_on	KVAELVHFL	A*02:01	unit	35004	AUT01-DN14	Trachea	SLAELVHAV	9	4	1.25	trachea	uncertain	1
MAGEA3_112_A02_KVAELVHFL_on	KVAELVHFL	A*02:01	unit	35004	AUT01-DN15	Adrenal gland	SLAELVHAV	9	4	1.25	adrenal gland	uncertain	1
MAGEA3_112_A02_KVAELVHFL_on	KVAELVHFL	A*02:01	unit	35004	AUT01-DN15	Aorta	SLAELVHAV	9	4	1.25	aorta	protected	1
MAGEA3_112_A02_KVAELVHFL_on	KVAELVHFL	A*02:01	unit	35004	AUT01-DN15	Bladder	SLAELVHAV	9	4	1.25	bladder	uncertain	1
MAGEA3_112_A02_KVAELVHFL_on	KVAELVHFL	A*02:01	unit	35004	AUT01-DN15	Bone marrow	SLAELVHAV	9	4	1.25	bone marrow	protected	1
MAGEA3_112_A02_KVAELVHFL_on	KVAELVHFL	A*02:01	unit	35004	AUT01-DN15	Brain	SLAELVHAV	9	4	1.25	brain	protected	1
MAGEA3_112_A02_KVAELVHFL_on	KVAELVHFL	A*02:01	unit	35004	AUT01-DN15	Cerebellum	SLAELVHAV	9	4	1.25	cerebellum	protected	1
MAGEA3_112_A02_KVAELVHFL_on	KVAELVHFL	A*02:01	unit	35004	AUT01-DN15	Colon	SLAELVHAV	9	4	1.25	colon	protected	1
MAGEA3_112_A02_KVAELVHFL_on	KVAELVHFL	A*02:01	unit	35004	AUT01-DN15	Esophagus	SLAELVHAV	9	4	1.25	esophagus	uncertain	1
MAGEA3_112_A02_KVAELVHFL_on	KVAELVHFL	A*02:01	unit	35004	AUT01-DN15	Liver	SLAELVHAV	9	4	1.25	liver	protected	1
MAGEA3_112_A02_KVAELVHFL_on	KVAELVHFL	A*02:01	unit	35004	AUT01-DN15	Lung	SLAELVHAV	9	4	1.25	lung	uncertain	1
MAGEA3_112_A02_KVAELVHFL_on	KVAELVHFL	A*02:01	unit	35004	AUT01-DN15	Small intestine	SLAELVHAV	9	4	1.25	small intestine	protected	1
MAGEA3_112_A02_KVAELVHFL_on	KVAELVHFL	A*02:01	unit	35004	AUT01-DN15	Spleen	SLAELVHAV	9	4	1.25	spleen	tolerated	1
MAGEA3_112_A02_KVAELVHFL_on	KVAELVHFL	A*02:01	unit	35004	AUT01-DN15	Thyroid	SLAELVHAV	9	4	1.25	thyroid	uncertain	1
MAGEA3_112_A02_KVAELVHFL_on	KVAELVHFL	A*02:01	unit	35004	OVA01-DN278	Ovary	SLAELVHAV	9	4	1.25	ovary	tolerated	1
MAGEA3_112_A02_KVAELVHFL_on	KVAELVHFL	A*02:01	unit	35004	THY01-DN4	Thymus	SLAELVHAV	9	4	1.25	thymus	tolerated	1
MAGEA3_112_A02_KVAELVHFL_on	KVAELVHFL	A*02:01	unit	36459	AUT01-DN12	Lung	KVMELLVHL	9	3	2.15	lung	uncertain	1
MAGEA3_112_A02_KVAELVHFL_on	KVAELVHFL	A*02:01	unit	36459	OVA01-DN278	Ovary	KVMELLVHL	9	3	2.15	ovary	tolerated	1
MAGEA3_112_A02_KVAELVHFL_on	KVAELVHFL	A*02:01	unit	36459	THY01-DN4	Thymus	KVMELLVHL	9	3	2.15	thymus	tolerated	1
MAGEA3_112_A02_KVAELVHFL_on	KVAELVHFL	A*02:01	unit	36561	OVA01-DN278	Ovary	SIAEVVHQL	9	4	1.6	ovary	tolerated	1
MAGEA3_112_A02_KVAELVHFL_on	KVAELVHFL	A*02:01	unit	36561	THY01-DN4	Thymus	SIAEVVHQL	9	4	1.6	thymus	tolerated	1
MAGEA3_112_A02_KVAELVHFL_on	KVAELVHFL	A*02:01	unit	37821	OVA01-DN278	Ovary	RLAEVVHEL	9	4	1.1	ovary	tolerated	1
MAGEA3_112_A02_KVAELVHFL_on	KVAELVHFL	A*02:01	unit	37821	THY01-DN4	Thymus	RLAEVVHEL	9	4	1.1	thymus	tolerated	1
MAGEA3_112_A02_KVAELVHFL_on	KVAELVHFL	A*02:01	unit	38162	THY01-DN4	Thymus	KLAELEEAL	9	4	2.35	thymus	tolerated	1
MAGEA3_112_A02_KVAELVHFL_on	KVAELVHFL	A*02:01	unit	38514	OVA01-DN278	Ovary	VLAELVAKL	9	4	2.9	ovary	tolerated	1
MAGEA3_112_A02_KVAELVHFL_on	KVAELVHFL	A*02:01	unit	38514	THY01-DN4	Thymus	VLAELVAKL	9	4	2.9	thymus	tolerated	1
MAGEA3_112_A02_KVAELVHFL_on	KVAELVHFL	A*02:01	unit	38529	AUT01-DN04	Ovary	KVLDFEHFL	9	4	1.55	ovary	tolerated	1
MAGEA3_112_A02_KVAELVHFL_on	KVAELVHFL	A*02:01	unit	38529	AUT01-DN12	Adrenal gland	KVLDFEHFL	9	4	1.55	adrenal gland	uncertain	1
MAGEA3_112_A02_KVAELVHFL_on	KVAELVHFL	A*02:01	unit	38529	AUT01-DN12	Aorta	KVLDFEHFL	9	4	1.55	aorta	protected	1
MAGEA3_112_A02_KVAELVHFL_on	KVAELVHFL	A*02:01	unit	38529	AUT01-DN12	Bone marrow	KVLDFEHFL	9	4	1.55	bone marrow	protected	1
MAGEA3_112_A02_KVAELVHFL_on	KVAELVHFL	A*02:01	unit	38529	AUT01-DN12	Colon	KVLDFEHFL	9	4	1.55	colon	protected	1
MAGEA3_112_A02_KVAELVHFL_on	KVAELVHFL	A*02:01	unit	38529	AUT01-DN12	Kidney	KVLDFEHFL	9	4	1.55	kidney	protected	1
MAGEA3_112_A02_KVAELVHFL_on	KVAELVHFL	A*02:01	unit	38529	AUT01-DN12	Tongue	KVLDFEHFL	9	4	1.55	tongue	uncertain	1
MAGEA3_112_A02_KVAELVHFL_on	KVAELVHFL	A*02:01	unit	38529	AUT01-DN12	Uterus	KVLDFEHFL	9	4	1.55	uterus	tolerated	1
MAGEA3_112_A02_KVAELVHFL_on	KVAELVHFL	A*02:01	unit	38529	AUT01-DN14	Bone marrow	KVLDFEHFL	9	4	1.55	bone marrow	protected	1
MAGEA3_112_A02_KVAELVHFL_on	KVAELVHFL	A*02:01	unit	38529	AUT01-DN14	Cerebellum	KVLDFEHFL	9	4	1.55	cerebellum	protected	1
MAGEA3_112_A02_KVAELVHFL_on	KVAELVHFL	A*02:01	unit	38529	AUT01-DN14	Esophagus	KVLDFEHFL	9	4	1.55	esophagus	uncertain	1
MAGEA3_112_A02_KVAELVHFL_on	KVAELVHFL	A*02:01	unit	38529	AUT01-DN14	Kidney	KVLDFEHFL	9	4	1.55	kidney	protected	1
MAGEA3_112_A02_KVAELVHFL_on	KVAELVHFL	A*02:01	unit	38529	AUT01-DN14	Lymph node	KVLDFEHFL	9	4	1.55	lymph node	uncertain	1
MAGEA3_112_A02_KVAELVHFL_on	KVAELVHFL	A*02:01	unit	38529	AUT01-DN14	Thyroid	KVLDFEHFL	9	4	1.55	thyroid	uncertain	1
MAGEA3_112_A02_KVAELVHFL_on	KVAELVHFL	A*02:01	unit	38529	AUT01-DN14	Tongue	KVLDFEHFL	9	4	1.55	tongue	uncertain	1
MAGEA3_112_A02_KVAELVHFL_on	KVAELVHFL	A*02:01	unit	38529	AUT01-DN14	Trachea	KVLDFEHFL	9	4	1.55	trachea	uncertain	1
MAGEA3_112_A02_KVAELVHFL_on	KVAELVHFL	A*02:01	unit	38529	AUT01-DN15	Adrenal gland	KVLDFEHFL	9	4	1.55	adrenal gland	uncertain	1
MAGEA3_112_A02_KVAELVHFL_on	KVAELVHFL	A*02:01	unit	38529	AUT01-DN15	Aorta	KVLDFEHFL	9	4	1.55	aorta	protected	1
MAGEA3_112_A02_KVAELVHFL_on	KVAELVHFL	A*02:01	unit	38529	AUT01-DN15	Bone marrow	KVLDFEHFL	9	4	1.55	bone marrow	protected	1
MAGEA3_112_A02_KVAELVHFL_on	KVAELVHFL	A*02:01	unit	38529	AUT01-DN15	Colon	KVLDFEHFL	9	4	1.55	colon	protected	1
MAGEA3_112_A02_KVAELVHFL_on	KVAELVHFL	A*02:01	unit	38529	AUT01-DN15	Lung	KVLDFEHFL	9	4	1.55	lung	uncertain	1
MAGEA3_112_A02_KVAELVHFL_on	KVAELVHFL	A*02:01	unit	38529	AUT01-DN15	Spleen	KVLDFEHFL	9	4	1.55	spleen	tolerated	1
MAGEA3_112_A02_KVAELVHFL_on	KVAELVHFL	A*02:01	unit	38529	OVA01-DN278	Ovary	KVLDFEHFL	9	4	1.55	ovary	tolerated	1
MAGEA3_112_A02_KVAELVHFL_on	KVAELVHFL	A*02:01	unit	38529	THY01-DN4	Thymus	KVLDFEHFL	9	4	1.55	thymus	tolerated	1
MAGEA3_112_A02_KVAELVHFL_on	KVAELVHFL	A*02:01	unit	38863	AUT01-DN14	Bone marrow	KLAEFIDFL	9	4	1.45	bone marrow	protected	1
MAGEA3_112_A02_KVAELVHFL_on	KVAELVHFL	A*02:01	unit	38863	OVA01-DN278	Ovary	KLAEFIDFL	9	4	1.45	ovary	tolerated	1
MAGEA3_112_A02_KVAELVHFL_on	KVAELVHFL	A*02:01	unit	38863	THY01-DN4	Thymus	KLAEFIDFL	9	4	1.45	thymus	tolerated	1
MAGEA3_112_A02_KVAELVHFL_on	KVAELVHFL	A*02:01	unit	51744	AUT01-DN15	Lung	KVVALVHAV	9	4	1.55	lung	uncertain	1
MAGEA3_112_A02_KVAELVHFL_on	KVAELVHFL	A*02:01	unit	51744	OVA01-DN278	Ovary	KVVALVHAV	9	4	1.55	ovary	tolerated	1
MAGEA3_112_A02_KVAELVHFL_on	KVAELVHFL	A*02:01	unit	84977	AUT01-DN04	Lung	VVAVLPHIL	9	4	3.1	lung	uncertain	1
MAGEA3_112_A02_KVAELVHFL_on	KVAELVHFL	A*02:01	unit	101947	AUT01-DN12	Colon	EVAELFQRL	9	4	3.1000001	colon	protected	1
MAGEA3_112_A02_KVAELVHFL_on	KVAELVHFL	A*02:01	unit	101947	AUT01-DN14	Adrenal gland	EVAELFQRL	9	4	3.1000001	adrenal gland	uncertain	1
MAGEA3_112_A02_KVAELVHFL_on	KVAELVHFL	A*02:01	unit	101947	AUT01-DN14	Aorta	EVAELFQRL	9	4	3.1000001	aorta	protected	1
MAGEA3_112_A02_KVAELVHFL_on	KVAELVHFL	A*02:01	unit	101947	AUT01-DN14	Bladder	EVAELFQRL	9	4	3.1000001	bladder	uncertain	1
MAGEA3_112_A02_KVAELVHFL_on	KVAELVHFL	A*02:01	unit	101947	AUT01-DN14	Bone marrow	EVAELFQRL	9	4	3.1000001	bone marrow	protected	1
MAGEA3_112_A02_KVAELVHFL_on	KVAELVHFL	A*02:01	unit	101947	AUT01-DN14	Brain	EVAELFQRL	9	4	3.1000001	brain	protected	1
MAGEA3_112_A02_KVAELVHFL_on	KVAELVHFL	A*02:01	unit	101947	AUT01-DN14	Cerebellum	EVAELFQRL	9	4	3.1000001	cerebellum	protected	1
MAGEA3_112_A02_KVAELVHFL_on	KVAELVHFL	A*02:01	unit	101947	AUT01-DN14	Esophagus	EVAELFQRL	9	4	3.1000001	esophagus	uncertain	1
MAGEA3_112_A02_KVAELVHFL_on	KVAELVHFL	A*02:01	unit	101947	AUT01-DN14	Kidney	EVAELFQRL	9	4	3.1000001	kidney	protected	1
MAGEA3_112_A02_KVAELVHFL_on	KVAELVHFL	A*02:01	unit	101947	AUT01-DN14	Liver	EVAELFQRL	9	4	3.1000001	liver	protected	1
MAGEA3_112_A02_KVAELVHFL_on	KVAELVHFL	A*02:01	unit	101947	AUT01-DN14	Lung	EVAELFQRL	9	4	3.1000001	lung	uncertain	1
MAGEA3_112_A02_KVAELVHFL_on	KVAELVHFL	A*02:01	unit	101947	AUT01-DN14	Lymph node	EVAELFQRL	9	4	3.1000001	lymph node	uncertain	1
MAGEA3_112_A02_KVAELVHFL_on	KVAELVHFL	A*02:01	unit	101947	AUT01-DN14	Muscle	EVAELFQRL	9	4	3.1000001	muscle	uncertain	1
MAGEA3_112_A02_KVAELVHFL_on	KVAELVHFL	A*02:01	unit	101947	AUT01-DN14	Pancreas	EVAELFQRL	9	4	3.1000001	pancreas	protected	1
MAGEA3_112_A02_KVAELVHFL_on	KVAELVHFL	A*02:01	unit	101947	AUT01-DN14	Spleen	EVAELFQRL	9	4	3.1000001	spleen	tolerated	1
MAGEA3_112_A02_KVAELVHFL_on	KVAELVHFL	A*02:01	unit	101947	AUT01-DN14	Testis	EVAELFQRL	9	4	3.1000001	testis	tolerated	1
MAGEA3_112_A02_KVAELVHFL_on	KVAELVHFL	A*02:01	unit	101947	AUT01-DN14	Thyroid	EVAELFQRL	9	4	3.1000001	thyroid	uncertain	1
MAGEA3_112_A02_KVAELVHFL_on	KVAELVHFL	A*02:01	unit	101947	AUT01-DN14	Tongue	EVAELFQRL	9	4	3.1000001	tongue	uncertain	1
MAGEA3_112_A02_KVAELVHFL_on	KVAELVHFL	A*02:01	unit	101947	AUT01-DN14	Trachea	EVAELFQRL	9	4	3.1000001	trachea	uncertain	1
MAGEA3_112_A02_KVAELVHFL_on	KVAELVHFL	A*02:01	unit	102371	AUT01-DN12	Colon	EVAEFVQSL	9	4	2.8500001	colon	protected	1
MAGEA3_112_A02_KVAELVHFL_on	KVAELVHFL	A*02:01	unit	106695	AUT01-DN12	Colon	NVAELLHQV	9	4	1.5999999	colon	protected	1
MAGEA3_112_A02_KVAELVHFL_on	KVAELVHFL	A*02:01	unit	106695	AUT01-DN14	Aorta	NVAELLHQV	9	4	1.5999999	aorta	protected	1
MAGEA3_112_A02_KVAELVHFL_on	KVAELVHFL	A*02:01	unit	106695	AUT01-DN14	Bone marrow	NVAELLHQV	9	4	1.5999999	bone marrow	protected	1
MAGEA3_112_A02_KVAELVHFL_on	KVAELVHFL	A*02:01	unit	106695	AUT01-DN14	Esophagus	NVAELLHQV	9	4	1.5999999	esophagus	uncertain	1
MAGEA3_112_A02_KVAELVHFL_on	KVAELVHFL	A*02:01	unit	106695	AUT01-DN14	Kidney	NVAELLHQV	9	4	1.5999999	kidney	protected	1
MAGEA3_112_A02_KVAELVHFL_on	KVAELVHFL	A*02:01	unit	106695	AUT01-DN14	Liver	NVAELLHQV	9	4	1.5999999	liver	protected	1
MAGEA3_112_A02_KVAELVHFL_on	KVAELVHFL	A*02:01	unit	106695	AUT01-DN14	Lymph node	NVAELLHQV	9	4	1.5999999	lymph node	uncertain	1
MAGEA3_112_A02_KVAELVHFL_on	KVAELVHFL	A*02:01	unit	106695	AUT01-DN14	Spleen	NVAELLHQV	9	4	1.5999999	spleen	tolerated	1
MAGEA3_112_A02_KVAELVHFL_on	KVAELVHFL	A*02:01	unit	106695	AUT01-DN14	Thyroid	NVAELLHQV	9	4	1.5999999	thyroid	uncertain	1
MAGEA3_112_A02_KVAELVHFL_on	KVAELVHFL	A*02:01	unit	106695	AUT01-DN14	Tongue	NVAELLHQV	9	4	1.5999999	tongue	uncertain	1
MAGEA3_112_A02_KVAELVHFL_on	KVAELVHFL	A*02:01	unit	106695	AUT01-DN14	Trachea	NVAELLHQV	9	4	1.5999999	trachea	uncertain	1
MAGEA3_112_A02_KVAELVHFL_on	KVAELVHFL	A*02:01	unit	109999	AUT01-DN14	Lung	MVAEILHHL	9	4	2.0	lung	uncertain	1
MAGEA3_112_A02_KVAELVHFL_on	KVAELVHFL	A*02:01	unit	153300	AUT01-DN12	Colon	LVADLVHTV	9	4	1.75	colon	protected	1
MAGEA3_112_A02_KVAELVHFL_on	KVAELVHFL	A*02:01	unit	153300	AUT01-DN14	Kidney	LVADLVHTV	9	4	1.75	kidney	protected	1
MAGEA3_112_A02_KVAELVHFL_on	KVAELVHFL	A*02:01	unit	153300	AUT01-DN14	Liver	LVADLVHTV	9	4	1.75	liver	protected	1
MAGEA3_112_A02_KVAELVHFL_on	KVAELVHFL	A*02:01	unit	153300	AUT01-DN14	Lung	LVADLVHTV	9	4	1.75	lung	uncertain	1
MAGEA3_112_A02_KVAELVHFL_on	KVAELVHFL	A*02:01	unit	153300	AUT01-DN14	Lymph node	LVADLVHTV	9	4	1.75	lymph node	uncertain	1
MAGEA3_112_A02_KVAELVHFL_on	KVAELVHFL	A*02:01	unit	162534	AUT01-DN12	Small intestine	GVEEVHEL	8	4	3.75	small intestine	protected	1
MAGEA3_112_A02_KVAELVHFL_on	KVAELVHFL	A*02:01	unit	167658	OVA01-DN278	Ovary	KLAEGVQLL	9	4	2.05	ovary	tolerated	1
MAGEA3_112_A02_KVAELVHFL_on	KVAELVHFL	A*02:01	unit	168010	AUT01-DN14	Bone marrow	YVADLVHSA	9	4	1.9000001	bone marrow	protected	1
MAGEA3_112_A02_KVAELVHFL_on	KVAELVHFL	A*02:01	unit	168097	OVA01-DN278	Ovary	AVAELNYGL	9	4	3.4499998	ovary	tolerated	1
MAGEA3_112_A02_KVAELVHFL_on	KVAELVHFL	A*02:01	unit	170502	AUT01-DN15	Spleen	QVAERVEAL	9	4	3.1	spleen	tolerated	1
MAGEA3_112_A02_KVAELVHFL_on	KVAELVHFL	A*02:01	unit	174900	OVA01-DN278	Ovary	KVASLLHQV	9	4	1.5999999	ovary	tolerated	1
MAGEA3_112_A02_KVAELVHFL_on	KVAELVHFL	A*02:01	unit	208236	OVA01-DN278	Ovary	KVADLVLML	9	3	1.35	ovary	tolerated	1
MAGEA3_112_A02_KVAELVHFL_on	KVAELVHFL	A*02:01	unit	209097	OVA01-DN278	Ovary	KVDEIVVL	8	4	2.35	ovary	tolerated	1
MAGEA3_112_A02_KVAELVHFL_on	KVAELVHFL	A*02:01	unit	209216	OVA01-DN278	Ovary	KVDEAVAVL	9	4	2.4499998	ovary	tolerated	1
MAGEA3_112_A02_KVAELVHFL_on	KVAELVHFL	A*02:01	unit	209277	OVA01-DN278	Ovary	KVQEQVHKV	9	4	2.3999999	ovary	tolerated	1
MAGEA3_112_A02_KVAELVHFL_on	KVAELVHFL	A*02:01	unit	209769	OVA01-DN278	Ovary	GLAELGHRL	9	4	2.7	ovary	tolerated	1
MAGEA3_112_A02_KVAELVHFL_on	KVAELVHFL	A*02:01	unit	210023	OVA01-DN278	Ovary	SVASLVIFV	9	4	2.6	ovary	tolerated	1
