peptide_sequence_id	donor	tissue	hla_class	hla_class_norm	peptide	pep_len	edit_distance
16611	OVA01-DN278	Ovary	HLA-I	HLA-I	SELQVLLGY	9	4
16611	THY01-DN4	Thymus	HLA-I	HLA-I	SELQVLLGY	9	4
30591	AUT01-DN04	Adrenal gland	HLA-I	HLA-I	SLAQYLINV	9	4
30591	AUT01-DN04	Lung	HLA-I	HLA-I	SLAQYLINV	9	4
30591	AUT01-DN04	Ovary	HLA-I	HLA-I	SLAQYLINV	9	4
30591	AUT01-DN04	Spleen	HLA-I	HLA-I	SLAQYLINV	9	4
30591	AUT01-DN12	Adrenal gland	HLA-I	HLA-I	SLAQYLINV	9	4
30591	AUT01-DN12	Aorta	HLA-I	HLA-I	SLAQYLINV	9	4
30591	AUT01-DN12	Bone marrow	HLA-I	HLA-I	SLAQYLINV	9	4
30591	AUT01-DN12	Colon	HLA-I	HLA-I	SLAQYLINV	9	4
30591	AUT01-DN12	Kidney	HLA-I	HLA-I	SLAQYLINV	9	4
30591	AUT01-DN12	Liver	HLA-I	HLA-I	SLAQYLINV	9	4
30591	AUT01-DN12	Lung	HLA-I	HLA-I	SLAQYLINV	9	4
30591	AUT01-DN12	Lymph node	HLA-I	HLA-I	SLAQYLINV	9	4
30591	AUT01-DN12	Ovary	HLA-I	HLA-I	SLAQYLINV	9	4
30591	AUT01-DN12	Small intestine	HLA-I	HLA-I	SLAQYLINV	9	4
30591	AUT01-DN12	Spleen	HLA-I	HLA-I	SLAQYLINV	9	4
30591	AUT01-DN12	Tongue	HLA-I	HLA-I	SLAQYLINV	9	4
30591	AUT01-DN12	Trachea	HLA-I	HLA-I	SLAQYLINV	9	4
30591	AUT01-DN12	Uterus	HLA-I	HLA-I	SLAQYLINV	9	4
30591	AUT01-DN14	Aorta	HLA-I	HLA-I	SLAQYLINV	9	4
30591	AUT01-DN14	Bone marrow	HLA-I	HLA-I	SLAQYLINV	9	4
30591	AUT01-DN14	Brain	HLA-I	HLA-I	SLAQYLINV	9	4
30591	AUT01-DN14	Cerebellum	HLA-I	HLA-I	SLAQYLINV	9	4
30591	AUT01-DN14	Esophagus	HLA-I	HLA-I	SLAQYLINV	9	4
30591	AUT01-DN14	Kidney	HLA-I	HLA-I	SLAQYLINV	9	4
30591	AUT01-DN14	Liver	HLA-I	HLA-I	SLAQYLINV	9	4
30591	AUT01-DN14	Lung	HLA-I	HLA-I	SLAQYLINV	9	4
30591	AUT01-DN14	Lymph node	HLA-I	HLA-I	SLAQYLINV	9	4
30591	AUT01-DN14	Pancreas	HLA-I	HLA-I	SLAQYLINV	9	4
30591	AUT01-DN14	Spleen	HLA-I	HLA-I	SLAQYLINV	9	4
30591	AUT01-DN14	Testis	HLA-I	HLA-I	SLAQYLINV	9	4
30591	AUT01-DN14	Thyroid	HLA-I	HLA-I	SLAQYLINV	9	4
30591	AUT01-DN14	Tongue	HLA-I	HLA-I	SLAQYLINV	9	4
30591	AUT01-DN14	Trachea	HLA-I	HLA-I	SLAQYLINV	9	4
30591	AUT01-DN15	Adrenal gland	HLA-I	HLA-I	SLAQYLINV	9	4
30591	AUT01-DN15	Aorta	HLA-I	HLA-I	SLAQYLINV	9	4
30591	AUT01-DN15	Bladder	HLA-I	HLA-I	SLAQYLINV	9	4
30591	AUT01-DN15	Bone marrow	HLA-I	HLA-I	SLAQYLINV	9	4
30591	AUT01-DN15	Brain	HLA-I	HLA-I	SLAQYLINV	9	4
30591	AUT01-DN15	Cerebellum	HLA-I	HLA-I	SLAQYLINV	9	4
30591	AUT01-DN15	Colon	HLA-I	HLA-I	SLAQYLINV	9	4
30591	AUT01-DN15	Esophagus	HLA-I	HLA-I	SLAQYLINV	9	4
30591	AUT01-DN15	Gallbladder	HLA-I	HLA-I	SLAQYLINV	9	4
30591	AUT01-DN15	Liver	HLA-I	HLA-I	SLAQYLINV	9	4
30591	AUT01-DN15	Lung	HLA-I	HLA-I	SLAQYLINV	9	4
30591	AUT01-DN15	Small intestine	HLA-I	HLA-I	SLAQYLINV	9	4
30591	AUT01-DN15	Spleen	HLA-I	HLA-I	SLAQYLINV	9	4
30591	AUT01-DN15	Thyroid	HLA-I	HLA-I	SLAQYLINV	9	4
30591	OVA01-DN278	Ovary	HLA-I	HLA-I	SLAQYLINV	9	4
30591	THY01-DN4	Thymus	HLA-I	HLA-I	SLAQYLINV	9	4
34593	AUT01-DN04	Ovary	HLA-I	HLA-I	SLMSHAIEL	9	4
34593	AUT01-DN12	Lung	HLA-I	HLA-I	SLMSHAIEL	9	4
34593	AUT01-DN12	Uterus	HLA-I	HLA-I	SLMSHAIEL	9	4
34593	AUT01-DN14	Bone marrow	HLA-I	HLA-I	SLMSHAIEL	9	4
34593	AUT01-DN14	Lung	HLA-I	HLA-I	SLMSHAIEL	9	4
34593	AUT01-DN15	Bone marrow	HLA-I	HLA-I	SLMSHAIEL	9	4
34593	AUT01-DN15	Lung	HLA-I	HLA-I	SLMSHAIEL	9	4
34593	OVA01-DN278	Ovary	HLA-I	HLA-I	SLMSHAIEL	9	4
34593	THY01-DN4	Thymus	HLA-I	HLA-I	SLMSHAIEL	9	4
35081	OVA01-DN278	Ovary	HLA-I	HLA-I	RLLQTLPQL	9	4
35081	THY01-DN4	Thymus	HLA-I	HLA-I	RLLQTLPQL	9	4
35128	AUT01-DN04	Spleen	HLA-I	HLA-I	VLLSHLSYL	9	4
35128	AUT01-DN12	Bone marrow	HLA-I	HLA-I	VLLSHLSYL	9	4
35128	AUT01-DN12	Colon	HLA-I	HLA-I	VLLSHLSYL	9	4
35128	AUT01-DN12	Kidney	HLA-I	HLA-I	VLLSHLSYL	9	4
35128	AUT01-DN12	Lung	HLA-I	HLA-I	VLLSHLSYL	9	4
35128	AUT01-DN12	Lymph node	HLA-I	HLA-I	VLLSHLSYL	9	4
35128	AUT01-DN12	Ovary	HLA-I	HLA-I	VLLSHLSYL	9	4
35128	AUT01-DN12	Small intestine	HLA-I	HLA-I	VLLSHLSYL	9	4
35128	AUT01-DN12	Spleen	HLA-I	HLA-I	VLLSHLSYL	9	4
35128	AUT01-DN12	Tongue	HLA-I	HLA-I	VLLSHLSYL	9	4
35128	AUT01-DN12	Uterus	HLA-I	HLA-I	VLLSHLSYL	9	4
35128	AUT01-DN14	Bone marrow	HLA-I	HLA-I	VLLSHLSYL	9	4
35128	AUT01-DN14	Brain	HLA-I	HLA-I	VLLSHLSYL	9	4
35128	AUT01-DN14	Cerebellum	HLA-I	HLA-I	VLLSHLSYL	9	4
35128	AUT01-DN14	Esophagus	HLA-I	HLA-I	VLLSHLSYL	9	4
35128	AUT01-DN14	Kidney	HLA-I	HLA-I	VLLSHLSYL	9	4
35128	AUT01-DN14	Liver	HLA-I	HLA-I	VLLSHLSYL	9	4
35128	AUT01-DN14	Lung	HLA-I	HLA-I	VLLSHLSYL	9	4
35128	AUT01-DN14	Lymph node	HLA-I	HLA-I	VLLSHLSYL	9	4
35128	AUT01-DN14	Spleen	HLA-I	HLA-I	VLLSHLSYL	9	4
35128	AUT01-DN14	Thyroid	HLA-I	HLA-I	VLLSHLSYL	9	4
35128	AUT01-DN14	Tongue	HLA-I	HLA-I	VLLSHLSYL	9	4
35128	AUT01-DN14	Trachea	HLA-I	HLA-I	VLLSHLSYL	9	4
35128	AUT01-DN15	Adrenal gland	HLA-I	HLA-I	VLLSHLSYL	9	4
35128	AUT01-DN15	Bone marrow	HLA-I	HLA-I	VLLSHLSYL	9	4
35128	AUT01-DN15	Esophagus	HLA-I	HLA-I	VLLSHLSYL	9	4
35128	AUT01-DN15	Liver	HLA-I	HLA-I	VLLSHLSYL	9	4
35128	AUT01-DN15	Lung	HLA-I	HLA-I	VLLSHLSYL	9	4
35128	AUT01-DN15	Spleen	HLA-I	HLA-I	VLLSHLSYL	9	4
35128	OVA01-DN278	Ovary	HLA-I	HLA-I	VLLSHLSYL	9	4
35128	THY01-DN4	Thymus	HLA-I	HLA-I	VLLSHLSYL	9	4
35323	AUT01-DN04	Adrenal gland	HLA-I	HLA-I	SLLDKIIGA	9	4
35323	AUT01-DN04	Kidney	HLA-I	HLA-I	SLLDKIIGA	9	4
35323	AUT01-DN04	Lung	HLA-I	HLA-I	SLLDKIIGA	9	4
35323	AUT01-DN04	Ovary	HLA-I	HLA-I	SLLDKIIGA	9	4
35323	AUT01-DN04	Spleen	HLA-I	HLA-I	SLLDKIIGA	9	4
35323	AUT01-DN12	Adrenal gland	HLA-I	HLA-I	SLLDKIIGA	9	4
35323	AUT01-DN12	Aorta	HLA-I	HLA-I	SLLDKIIGA	9	4
35323	AUT01-DN12	Bladder	HLA-I	HLA-I	SLLDKIIGA	9	4
35323	AUT01-DN12	Bone marrow	HLA-I	HLA-I	SLLDKIIGA	9	4
35323	AUT01-DN12	Cerebellum	HLA-I	HLA-I	SLLDKIIGA	9	4
35323	AUT01-DN12	Colon	HLA-I	HLA-I	SLLDKIIGA	9	4
35323	AUT01-DN12	Heart	HLA-I	HLA-I	SLLDKIIGA	9	4
35323	AUT01-DN12	Kidney	HLA-I	HLA-I	SLLDKIIGA	9	4
35323	AUT01-DN12	Liver	HLA-I	HLA-I	SLLDKIIGA	9	4
35323	AUT01-DN12	Lymph node	HLA-I	HLA-I	SLLDKIIGA	9	4
35323	AUT01-DN12	Ovary	HLA-I	HLA-I	SLLDKIIGA	9	4
35323	AUT01-DN12	Skin	HLA-I	HLA-I	SLLDKIIGA	9	4
35323	AUT01-DN12	Small intestine	HLA-I	HLA-I	SLLDKIIGA	9	4
35323	AUT01-DN12	Spleen	HLA-I	HLA-I	SLLDKIIGA	9	4
35323	AUT01-DN12	Thyroid	HLA-I	HLA-I	SLLDKIIGA	9	4
35323	AUT01-DN12	Tongue	HLA-I	HLA-I	SLLDKIIGA	9	4
35323	AUT01-DN12	Trachea	HLA-I	HLA-I	SLLDKIIGA	9	4
35323	AUT01-DN12	Uterus	HLA-I	HLA-I	SLLDKIIGA	9	4
35323	AUT01-DN14	Adrenal gland	HLA-I	HLA-I	SLLDKIIGA	9	4
35323	AUT01-DN14	Aorta	HLA-I	HLA-I	SLLDKIIGA	9	4
35323	AUT01-DN14	Bladder	HLA-I	HLA-I	SLLDKIIGA	9	4
35323	AUT01-DN14	Bone marrow	HLA-I	HLA-I	SLLDKIIGA	9	4
35323	AUT01-DN14	Brain	HLA-I	HLA-I	SLLDKIIGA	9	4
35323	AUT01-DN14	Cerebellum	HLA-I	HLA-I	SLLDKIIGA	9	4
35323	AUT01-DN14	Esophagus	HLA-I	HLA-I	SLLDKIIGA	9	4
35323	AUT01-DN14	Kidney	HLA-I	HLA-I	SLLDKIIGA	9	4
35323	AUT01-DN14	Liver	HLA-I	HLA-I	SLLDKIIGA	9	4
35323	AUT01-DN14	Lung	HLA-I	HLA-I	SLLDKIIGA	9	4
35323	AUT01-DN14	Lymph node	HLA-I	HLA-I	SLLDKIIGA	9	4
35323	AUT01-DN14	Muscle	HLA-I	HLA-I	SLLDKIIGA	9	4
35323	AUT01-DN14	Pancreas	HLA-I	HLA-I	SLLDKIIGA	9	4
35323	AUT01-DN14	Spleen	HLA-I	HLA-I	SLLDKIIGA	9	4
35323	AUT01-DN14	Testis	HLA-I	HLA-I	SLLDKIIGA	9	4
35323	AUT01-DN14	Thyroid	HLA-I	HLA-I	SLLDKIIGA	9	4
35323	AUT01-DN14	Tongue	HLA-I	HLA-I	SLLDKIIGA	9	4
35323	AUT01-DN14	Trachea	HLA-I	HLA-I	SLLDKIIGA	9	4
35323	AUT01-DN15	Adrenal gland	HLA-I	HLA-I	SLLDKIIGA	9	4
35323	AUT01-DN15	Aorta	HLA-I	HLA-I	SLLDKIIGA	9	4
35323	AUT01-DN15	Bladder	HLA-I	HLA-I	SLLDKIIGA	9	4
35323	AUT01-DN15	Bone marrow	HLA-I	HLA-I	SLLDKIIGA	9	4
35323	AUT01-DN15	Brain	HLA-I	HLA-I	SLLDKIIGA	9	4
35323	AUT01-DN15	Cerebellum	HLA-I	HLA-I	SLLDKIIGA	9	4
35323	AUT01-DN15	Colon	HLA-I	HLA-I	SLLDKIIGA	9	4
35323	AUT01-DN15	Esophagus	HLA-I	HLA-I	SLLDKIIGA	9	4
35323	AUT01-DN15	Liver	HLA-I	HLA-I	SLLDKIIGA	9	4
35323	AUT01-DN15	Lung	HLA-I	HLA-I	SLLDKIIGA	9	4
35323	AUT01-DN15	Small intestine	HLA-I	HLA-I	SLLDKIIGA	9	4
35323	AUT01-DN15	Spleen	HLA-I	HLA-I	SLLDKIIGA	9	4
35323	AUT01-DN15	Thyroid	HLA-I	HLA-I	SLLDKIIGA	9	4
35323	OVA01-DN278	Ovary	HLA-I	HLA-I	SLLDKIIGA	9	4
35323	THY01-DN4	Thymus	HLA-I	HLA-I	SLLDKIIGA	9	4
35376	AUT01-DN04	Adrenal gland	HLA-I	HLA-I	SLAQYLINA	9	4
35376	AUT01-DN12	Bone marrow	HLA-I	HLA-I	SLAQYLINA	9	4
35376	AUT01-DN12	Kidney	HLA-I	HLA-I	SLAQYLINA	9	4
35376	AUT01-DN12	Lung	HLA-I	HLA-I	SLAQYLINA	9	4
35376	AUT01-DN12	Spleen	HLA-I	HLA-I	SLAQYLINA	9	4
35376	AUT01-DN12	Trachea	HLA-I	HLA-I	SLAQYLINA	9	4
35376	AUT01-DN14	Bladder	HLA-I	HLA-I	SLAQYLINA	9	4
35376	AUT01-DN14	Bone marrow	HLA-I	HLA-I	SLAQYLINA	9	4
35376	AUT01-DN14	Cerebellum	HLA-I	HLA-I	SLAQYLINA	9	4
35376	AUT01-DN14	Kidney	HLA-I	HLA-I	SLAQYLINA	9	4
35376	AUT01-DN14	Liver	HLA-I	HLA-I	SLAQYLINA	9	4
35376	AUT01-DN14	Lung	HLA-I	HLA-I	SLAQYLINA	9	4
35376	AUT01-DN14	Pancreas	HLA-I	HLA-I	SLAQYLINA	9	4
35376	AUT01-DN14	Thyroid	HLA-I	HLA-I	SLAQYLINA	9	4
35376	AUT01-DN15	Adrenal gland	HLA-I	HLA-I	SLAQYLINA	9	4
35376	AUT01-DN15	Bone marrow	HLA-I	HLA-I	SLAQYLINA	9	4
35376	AUT01-DN15	Liver	HLA-I	HLA-I	SLAQYLINA	9	4
35376	AUT01-DN15	Lung	HLA-I	HLA-I	SLAQYLINA	9	4
35376	AUT01-DN15	Thyroid	HLA-I	HLA-I	SLAQYLINA	9	4
35376	OVA01-DN278	Ovary	HLA-I	HLA-I	SLAQYLINA	9	4
35376	THY01-DN4	Thymus	HLA-I	HLA-I	SLAQYLINA	9	4
35472	AUT01-DN12	Ovary	HLA-I	HLA-I	SLLQHLIGL	9	0
35472	AUT01-DN12	Uterus	HLA-I	HLA-I	SLLQHLIGL	9	0
35472	THY01-DN4	Thymus	HLA-I	HLA-I	SLLQHLIGL	9	0
36450	THY01-DN4	Thymus	HLA-I	HLA-I	SLLQGSPHL	9	4
36661	AUT01-DN04	Kidney	HLA-I	HLA-I	SLIGHLQTL	9	4
36661	AUT01-DN04	Liver	HLA-I	HLA-I	SLIGHLQTL	9	4
36661	AUT01-DN04	Lung	HLA-I	HLA-I	SLIGHLQTL	9	4
36661	AUT01-DN04	Ovary	HLA-I	HLA-I	SLIGHLQTL	9	4
36661	AUT01-DN04	Spleen	HLA-I	HLA-I	SLIGHLQTL	9	4
36661	AUT01-DN12	Kidney	HLA-I	HLA-I	SLIGHLQTL	9	4
36661	AUT01-DN12	Small intestine	HLA-I	HLA-I	SLIGHLQTL	9	4
36661	AUT01-DN12	Spleen	HLA-I	HLA-I	SLIGHLQTL	9	4
36661	AUT01-DN14	Adrenal gland	HLA-I	HLA-I	SLIGHLQTL	9	4
36661	AUT01-DN14	Bone marrow	HLA-I	HLA-I	SLIGHLQTL	9	4
36661	AUT01-DN14	Cerebellum	HLA-I	HLA-I	SLIGHLQTL	9	4
36661	AUT01-DN14	Esophagus	HLA-I	HLA-I	SLIGHLQTL	9	4
36661	AUT01-DN14	Liver	HLA-I	HLA-I	SLIGHLQTL	9	4
36661	AUT01-DN14	Lymph node	HLA-I	HLA-I	SLIGHLQTL	9	4
36661	AUT01-DN14	Pancreas	HLA-I	HLA-I	SLIGHLQTL	9	4
36661	AUT01-DN14	Spleen	HLA-I	HLA-I	SLIGHLQTL	9	4
36661	AUT01-DN15	Adrenal gland	HLA-I	HLA-I	SLIGHLQTL	9	4
36661	AUT01-DN15	Bone marrow	HLA-I	HLA-I	SLIGHLQTL	9	4
36661	AUT01-DN15	Liver	HLA-I	HLA-I	SLIGHLQTL	9	4
36661	AUT01-DN15	Lung	HLA-I	HLA-I	SLIGHLQTL	9	4
36661	AUT01-DN15	Spleen	HLA-I	HLA-I	SLIGHLQTL	9	4
36661	OVA01-DN278	Ovary	HLA-I	HLA-I	SLIGHLQTL	9	4
36661	THY01-DN4	Thymus	HLA-I	HLA-I	SLIGHLQTL	9	4
36761	AUT01-DN12	Adrenal gland	HLA-I	HLA-I	SLLEKSLGL	9	4
36761	AUT01-DN12	Bone marrow	HLA-I	HLA-I	SLLEKSLGL	9	4
36761	AUT01-DN12	Kidney	HLA-I	HLA-I	SLLEKSLGL	9	4
36761	AUT01-DN14	Bone marrow	HLA-I	HLA-I	SLLEKSLGL	9	4
36761	AUT01-DN15	Bone marrow	HLA-I	HLA-I	SLLEKSLGL	9	4
36761	OVA01-DN278	Ovary	HLA-I	HLA-I	SLLEKSLGL	9	4
36761	THY01-DN4	Thymus	HLA-I	HLA-I	SLLEKSLGL	9	4
36809	AUT01-DN14	Lung	HLA-I	HLA-I	SLLASLHTL	9	4
36809	AUT01-DN15	Bone marrow	HLA-I	HLA-I	SLLASLHTL	9	4
36809	AUT01-DN15	Lung	HLA-I	HLA-I	SLLASLHTL	9	4
36809	THY01-DN4	Thymus	HLA-I	HLA-I	SLLASLHTL	9	4
36863	AUT01-DN12	Bone marrow	HLA-I	HLA-I	ALLQRLEAL	9	4
36863	AUT01-DN15	Adrenal gland	HLA-I	HLA-I	ALLQRLEAL	9	4
36863	AUT01-DN15	Bone marrow	HLA-I	HLA-I	ALLQRLEAL	9	4
36863	AUT01-DN15	Liver	HLA-I	HLA-I	ALLQRLEAL	9	4
36863	AUT01-DN15	Lung	HLA-I	HLA-I	ALLQRLEAL	9	4
36863	AUT01-DN15	Spleen	HLA-I	HLA-I	ALLQRLEAL	9	4
36863	OVA01-DN278	Ovary	HLA-I	HLA-I	ALLQRLEAL	9	4
36863	THY01-DN4	Thymus	HLA-I	HLA-I	ALLQRLEAL	9	4
36896	AUT01-DN04	Adrenal gland	HLA-I	HLA-I	FLLQHQTFL	9	4
36896	AUT01-DN04	Kidney	HLA-I	HLA-I	FLLQHQTFL	9	4
36896	AUT01-DN04	Lung	HLA-I	HLA-I	FLLQHQTFL	9	4
36896	AUT01-DN04	Spleen	HLA-I	HLA-I	FLLQHQTFL	9	4
36896	AUT01-DN12	Aorta	HLA-I	HLA-I	FLLQHQTFL	9	4
36896	AUT01-DN12	Bone marrow	HLA-I	HLA-I	FLLQHQTFL	9	4
36896	AUT01-DN12	Colon	HLA-I	HLA-I	FLLQHQTFL	9	4
36896	AUT01-DN12	Heart	HLA-I	HLA-I	FLLQHQTFL	9	4
36896	AUT01-DN12	Kidney	HLA-I	HLA-I	FLLQHQTFL	9	4
36896	AUT01-DN12	Lung	HLA-I	HLA-I	FLLQHQTFL	9	4
36896	AUT01-DN12	Lymph node	HLA-I	HLA-I	FLLQHQTFL	9	4
36896	AUT01-DN12	Ovary	HLA-I	HLA-I	FLLQHQTFL	9	4
36896	AUT01-DN12	Small intestine	HLA-I	HLA-I	FLLQHQTFL	9	4
36896	AUT01-DN12	Spleen	HLA-I	HLA-I	FLLQHQTFL	9	4
36896	AUT01-DN12	Tongue	HLA-I	HLA-I	FLLQHQTFL	9	4
36896	AUT01-DN12	Uterus	HLA-I	HLA-I	FLLQHQTFL	9	4
36896	AUT01-DN14	Aorta	HLA-I	HLA-I	FLLQHQTFL	9	4
36896	AUT01-DN14	Bone marrow	HLA-I	HLA-I	FLLQHQTFL	9	4
36896	AUT01-DN14	Kidney	HLA-I	HLA-I	FLLQHQTFL	9	4
36896	AUT01-DN14	Lung	HLA-I	HLA-I	FLLQHQTFL	9	4
36896	AUT01-DN14	Spleen	HLA-I	HLA-I	FLLQHQTFL	9	4
36896	AUT01-DN15	Adrenal gland	HLA-I	HLA-I	FLLQHQTFL	9	4
36896	AUT01-DN15	Bone marrow	HLA-I	HLA-I	FLLQHQTFL	9	4
36896	AUT01-DN15	Esophagus	HLA-I	HLA-I	FLLQHQTFL	9	4
36896	AUT01-DN15	Liver	HLA-I	HLA-I	FLLQHQTFL	9	4
36896	AUT01-DN15	Lung	HLA-I	HLA-I	FLLQHQTFL	9	4
36896	AUT01-DN15	Spleen	HLA-I	HLA-I	FLLQHQTFL	9	4
36896	OVA01-DN278	Ovary	HLA-I	HLA-I	FLLQHQTFL	9	4
36896	THY01-DN4	Thymus	HLA-I	HLA-I	FLLQHQTFL	9	4
37067	AUT01-DN04	Adrenal gland	HLA-I	HLA-I	ALLDNNIGL	9	4
37067	AUT01-DN12	Colon	HLA-I	HLA-I	ALLDNNIGL	9	4
37067	AUT01-DN12	Kidney	HLA-I	HLA-I	ALLDNNIGL	9	4
37067	AUT01-DN12	Lung	HLA-I	HLA-I	ALLDNNIGL	9	4
37067	AUT01-DN12	Spleen	HLA-I	HLA-I	ALLDNNIGL	9	4
37067	AUT01-DN14	Liver	HLA-I	HLA-I	ALLDNNIGL	9	4
37067	AUT01-DN14	Lung	HLA-I	HLA-I	ALLDNNIGL	9	4
37067	AUT01-DN14	Pancreas	HLA-I	HLA-I	ALLDNNIGL	9	4
37067	AUT01-DN15	Adrenal gland	HLA-I	HLA-I	ALLDNNIGL	9	4
37067	AUT01-DN15	Liver	HLA-I	HLA-I	ALLDNNIGL	9	4
37067	AUT01-DN15	Lung	HLA-I	HLA-I	ALLDNNIGL	9	4
37067	OVA01-DN278	Ovary	HLA-I	HLA-I	ALLDNNIGL	9	4
37067	THY01-DN4	Thymus	HLA-I	HLA-I	ALLDNNIGL	9	4
37182	AUT01-DN04	Adrenal gland	HLA-I	HLA-I	SLLQALNEV	9	4
37182	AUT01-DN04	Kidney	HLA-I	HLA-I	SLLQALNEV	9	4
37182	AUT01-DN04	Lung	HLA-I	HLA-I	SLLQALNEV	9	4
37182	AUT01-DN04	Ovary	HLA-I	HLA-I	SLLQALNEV	9	4
37182	AUT01-DN04	Spleen	HLA-I	HLA-I	SLLQALNEV	9	4
37182	AUT01-DN12	Lung	HLA-I	HLA-I	SLLQALNEV	9	4
37182	AUT01-DN12	Spleen	HLA-I	HLA-I	SLLQALNEV	9	4
37182	AUT01-DN12	Tongue	HLA-I	HLA-I	SLLQALNEV	9	4
37182	AUT01-DN12	Uterus	HLA-I	HLA-I	SLLQALNEV	9	4
37182	AUT01-DN14	Cerebellum	HLA-I	HLA-I	SLLQALNEV	9	4
37182	AUT01-DN14	Kidney	HLA-I	HLA-I	SLLQALNEV	9	4
37182	AUT01-DN14	Lung	HLA-I	HLA-I	SLLQALNEV	9	4
37182	AUT01-DN14	Pancreas	HLA-I	HLA-I	SLLQALNEV	9	4
37182	AUT01-DN14	Spleen	HLA-I	HLA-I	SLLQALNEV	9	4
37182	AUT01-DN14	Testis	HLA-I	HLA-I	SLLQALNEV	9	4
37182	AUT01-DN15	Liver	HLA-I	HLA-I	SLLQALNEV	9	4
37182	AUT01-DN15	Lung	HLA-I	HLA-I	SLLQALNEV	9	4
37182	AUT01-DN15	Spleen	HLA-I	HLA-I	SLLQALNEV	9	4
37182	OVA01-DN278	Ovary	HLA-I	HLA-I	SLLQALNEV	9	4
37182	THY01-DN4	Thymus	HLA-I	HLA-I	SLLQALNEV	9	4
37204	AUT01-DN12	Spleen	HLA-I	HLA-I	SLLQQLENV	9	4
37204	AUT01-DN14	Lung	HLA-I	HLA-I	SLLQQLENV	9	4
37204	AUT01-DN15	Spleen	HLA-I	HLA-I	SLLQQLENV	9	4
37204	THY01-DN4	Thymus	HLA-I	HLA-I	SLLQQLENV	9	4
37321	OVA01-DN278	Ovary	HLA-I	HLA-I	KLLDLLEGL	9	4
37321	THY01-DN4	Thymus	HLA-I	HLA-I	KLLDLLEGL	9	4
37328	OVA01-DN278	Ovary	HLA-I	HLA-I	SILDGLIHL	9	4
37328	THY01-DN4	Thymus	HLA-I	HLA-I	SILDGLIHL	9	4
37332	OVA01-DN278	Ovary	HLA-I	HLA-I	SVLGALIGV	9	4
37332	THY01-DN4	Thymus	HLA-I	HLA-I	SVLGALIGV	9	4
37443	AUT01-DN04	Kidney	HLA-I	HLA-I	SLLPYLPML	9	4
37443	AUT01-DN04	Ovary	HLA-I	HLA-I	SLLPYLPML	9	4
37443	AUT01-DN04	Spleen	HLA-I	HLA-I	SLLPYLPML	9	4
37443	AUT01-DN12	Uterus	HLA-I	HLA-I	SLLPYLPML	9	4
37443	AUT01-DN15	Lung	HLA-I	HLA-I	SLLPYLPML	9	4
37443	OVA01-DN278	Ovary	HLA-I	HLA-I	SLLPYLPML	9	4
37443	THY01-DN4	Thymus	HLA-I	HLA-I	SLLPYLPML	9	4
37452	OVA01-DN278	Ovary	HLA-I	HLA-I	SILQTLILV	9	4
37452	THY01-DN4	Thymus	HLA-I	HLA-I	SILQTLILV	9	4
38292	AUT01-DN04	Adrenal gland	HLA-I	HLA-I	SLLSHVEQL	9	4
38292	AUT01-DN04	Ovary	HLA-I	HLA-I	SLLSHVEQL	9	4
38292	AUT01-DN04	Spleen	HLA-I	HLA-I	SLLSHVEQL	9	4
38292	AUT01-DN04	Thyroid	HLA-I	HLA-I	SLLSHVEQL	9	4
38292	AUT01-DN12	Bone marrow	HLA-I	HLA-I	SLLSHVEQL	9	4
38292	AUT01-DN12	Colon	HLA-I	HLA-I	SLLSHVEQL	9	4
38292	AUT01-DN12	Kidney	HLA-I	HLA-I	SLLSHVEQL	9	4
38292	AUT01-DN12	Lung	HLA-I	HLA-I	SLLSHVEQL	9	4
38292	AUT01-DN12	Lymph node	HLA-I	HLA-I	SLLSHVEQL	9	4
38292	AUT01-DN12	Spleen	HLA-I	HLA-I	SLLSHVEQL	9	4
38292	AUT01-DN12	Uterus	HLA-I	HLA-I	SLLSHVEQL	9	4
38292	AUT01-DN14	Aorta	HLA-I	HLA-I	SLLSHVEQL	9	4
38292	AUT01-DN14	Bone marrow	HLA-I	HLA-I	SLLSHVEQL	9	4
38292	AUT01-DN14	Brain	HLA-I	HLA-I	SLLSHVEQL	9	4
38292	AUT01-DN14	Cerebellum	HLA-I	HLA-I	SLLSHVEQL	9	4
38292	AUT01-DN14	Esophagus	HLA-I	HLA-I	SLLSHVEQL	9	4
38292	AUT01-DN14	Kidney	HLA-I	HLA-I	SLLSHVEQL	9	4
38292	AUT01-DN14	Lung	HLA-I	HLA-I	SLLSHVEQL	9	4
38292	AUT01-DN14	Lymph node	HLA-I	HLA-I	SLLSHVEQL	9	4
38292	AUT01-DN14	Pancreas	HLA-I	HLA-I	SLLSHVEQL	9	4
38292	AUT01-DN14	Spleen	HLA-I	HLA-I	SLLSHVEQL	9	4
38292	AUT01-DN14	Testis	HLA-I	HLA-I	SLLSHVEQL	9	4
38292	AUT01-DN15	Adrenal gland	HLA-I	HLA-I	SLLSHVEQL	9	4
38292	AUT01-DN15	Bone marrow	HLA-I	HLA-I	SLLSHVEQL	9	4
38292	AUT01-DN15	Liver	HLA-I	HLA-I	SLLSHVEQL	9	4
38292	AUT01-DN15	Lung	HLA-I	HLA-I	SLLSHVEQL	9	4
38292	AUT01-DN15	Spleen	HLA-I	HLA-I	SLLSHVEQL	9	4
38292	OVA01-DN278	Ovary	HLA-I	HLA-I	SLLSHVEQL	9	4
38292	THY01-DN4	Thymus	HLA-I	HLA-I	SLLSHVEQL	9	4
38384	OVA01-DN278	Ovary	HLA-I	HLA-I	SLFQSRISL	9	4
38384	THY01-DN4	Thymus	HLA-I	HLA-I	SLFQSRISL	9	4
38498	AUT01-DN04	Adrenal gland	HLA-I	HLA-I	SLLQTLYKV	9	4
38498	AUT01-DN04	Kidney	HLA-I	HLA-I	SLLQTLYKV	9	4
38498	AUT01-DN04	Liver	HLA-I	HLA-I	SLLQTLYKV	9	4
38498	AUT01-DN04	Lung	HLA-I	HLA-I	SLLQTLYKV	9	4
38498	AUT01-DN04	Ovary	HLA-I	HLA-I	SLLQTLYKV	9	4
38498	AUT01-DN04	Skin	HLA-I	HLA-I	SLLQTLYKV	9	4
38498	AUT01-DN04	Spleen	HLA-I	HLA-I	SLLQTLYKV	9	4
38498	AUT01-DN04	Uterus	HLA-I	HLA-I	SLLQTLYKV	9	4
38498	AUT01-DN12	Adrenal gland	HLA-I	HLA-I	SLLQTLYKV	9	4
38498	AUT01-DN12	Bone marrow	HLA-I	HLA-I	SLLQTLYKV	9	4
38498	AUT01-DN12	Cerebellum	HLA-I	HLA-I	SLLQTLYKV	9	4
38498	AUT01-DN12	Colon	HLA-I	HLA-I	SLLQTLYKV	9	4
38498	AUT01-DN12	Heart	HLA-I	HLA-I	SLLQTLYKV	9	4
38498	AUT01-DN12	Kidney	HLA-I	HLA-I	SLLQTLYKV	9	4
38498	AUT01-DN12	Liver	HLA-I	HLA-I	SLLQTLYKV	9	4
38498	AUT01-DN12	Lung	HLA-I	HLA-I	SLLQTLYKV	9	4
38498	AUT01-DN12	Lymph node	HLA-I	HLA-I	SLLQTLYKV	9	4
38498	AUT01-DN12	Ovary	HLA-I	HLA-I	SLLQTLYKV	9	4
38498	AUT01-DN12	Small intestine	HLA-I	HLA-I	SLLQTLYKV	9	4
38498	AUT01-DN12	Spleen	HLA-I	HLA-I	SLLQTLYKV	9	4
38498	AUT01-DN12	Tongue	HLA-I	HLA-I	SLLQTLYKV	9	4
38498	AUT01-DN12	Uterus	HLA-I	HLA-I	SLLQTLYKV	9	4
38498	AUT01-DN14	Adrenal gland	HLA-I	HLA-I	SLLQTLYKV	9	4
38498	AUT01-DN14	Bone marrow	HLA-I	HLA-I	SLLQTLYKV	9	4
38498	AUT01-DN14	Brain	HLA-I	HLA-I	SLLQTLYKV	9	4
38498	AUT01-DN14	Cerebellum	HLA-I	HLA-I	SLLQTLYKV	9	4
38498	AUT01-DN14	Esophagus	HLA-I	HLA-I	SLLQTLYKV	9	4
38498	AUT01-DN14	Kidney	HLA-I	HLA-I	SLLQTLYKV	9	4
38498	AUT01-DN14	Lung	HLA-I	HLA-I	SLLQTLYKV	9	4
38498	AUT01-DN14	Lymph node	HLA-I	HLA-I	SLLQTLYKV	9	4
38498	AUT01-DN14	Pancreas	HLA-I	HLA-I	SLLQTLYKV	9	4
38498	AUT01-DN14	Spleen	HLA-I	HLA-I	SLLQTLYKV	9	4
38498	AUT01-DN14	Testis	HLA-I	HLA-I	SLLQTLYKV	9	4
38498	AUT01-DN14	Thyroid	HLA-I	HLA-I	SLLQTLYKV	9	4
38498	AUT01-DN14	Tongue	HLA-I	HLA-I	SLLQTLYKV	9	4
38498	AUT01-DN14	Trachea	HLA-I	HLA-I	SLLQTLYKV	9	4
38498	AUT01-DN15	Adrenal gland	HLA-I	HLA-I	SLLQTLYKV	9	4
38498	AUT01-DN15	Bone marrow	HLA-I	HLA-I	SLLQTLYKV	9	4
38498	AUT01-DN15	Brain	HLA-I	HLA-I	SLLQTLYKV	9	4
38498	AUT01-DN15	Esophagus	HLA-I	HLA-I	SLLQTLYKV	9	4
38498	AUT01-DN15	Liver	HLA-I	HLA-I	SLLQTLYKV	9	4
38498	AUT01-DN15	Lung	HLA-I	HLA-I	SLLQTLYKV	9	4
38498	AUT01-DN15	Spleen	HLA-I	HLA-I	SLLQTLYKV	9	4
38498	OVA01-DN278	Ovary	HLA-I	HLA-I	SLLQTLYKV	9	4
38498	THY01-DN4	Thymus	HLA-I	HLA-I	SLLQTLYKV	9	4
38552	AUT01-DN14	Cerebellum	HLA-I	HLA-I	SLLGHLMIV	9	4
38552	AUT01-DN14	Lung	HLA-I	HLA-I	SLLGHLMIV	9	4
38552	AUT01-DN15	Lung	HLA-I	HLA-I	SLLGHLMIV	9	4
38552	OVA01-DN278	Ovary	HLA-I	HLA-I	SLLGHLMIV	9	4
38552	THY01-DN4	Thymus	HLA-I	HLA-I	SLLGHLMIV	9	4
38908	AUT01-DN04	Kidney	HLA-I	HLA-I	SLLDNMIGV	9	4
38908	AUT01-DN04	Liver	HLA-I	HLA-I	SLLDNMIGV	9	4
38908	AUT01-DN04	Lung	HLA-I	HLA-I	SLLDNMIGV	9	4
38908	AUT01-DN04	Skin	HLA-I	HLA-I	SLLDNMIGV	9	4
38908	AUT01-DN12	Colon	HLA-I	HLA-I	SLLDNMIGV	9	4
38908	AUT01-DN12	Kidney	HLA-I	HLA-I	SLLDNMIGV	9	4
38908	AUT01-DN12	Liver	HLA-I	HLA-I	SLLDNMIGV	9	4
38908	AUT01-DN12	Lung	HLA-I	HLA-I	SLLDNMIGV	9	4
38908	AUT01-DN12	Skin	HLA-I	HLA-I	SLLDNMIGV	9	4
38908	AUT01-DN12	Small intestine	HLA-I	HLA-I	SLLDNMIGV	9	4
38908	AUT01-DN12	Spleen	HLA-I	HLA-I	SLLDNMIGV	9	4
38908	AUT01-DN12	Uterus	HLA-I	HLA-I	SLLDNMIGV	9	4
38908	AUT01-DN14	Aorta	HLA-I	HLA-I	SLLDNMIGV	9	4
38908	AUT01-DN14	Cerebellum	HLA-I	HLA-I	SLLDNMIGV	9	4
38908	AUT01-DN14	Esophagus	HLA-I	HLA-I	SLLDNMIGV	9	4
38908	AUT01-DN14	Kidney	HLA-I	HLA-I	SLLDNMIGV	9	4
38908	AUT01-DN14	Liver	HLA-I	HLA-I	SLLDNMIGV	9	4
38908	AUT01-DN14	Lung	HLA-I	HLA-I	SLLDNMIGV	9	4
38908	AUT01-DN14	Pancreas	HLA-I	HLA-I	SLLDNMIGV	9	4
38908	AUT01-DN15	Liver	HLA-I	HLA-I	SLLDNMIGV	9	4
38908	AUT01-DN15	Lung	HLA-I	HLA-I	SLLDNMIGV	9	4
38908	AUT01-DN15	Spleen	HLA-I	HLA-I	SLLDNMIGV	9	4
38908	OVA01-DN278	Ovary	HLA-I	HLA-I	SLLDNMIGV	9	4
38908	THY01-DN4	Thymus	HLA-I	HLA-I	SLLDNMIGV	9	4
38942	OVA01-DN278	Ovary	HLA-I	HLA-I	SLLQDLVSV	9	4
38942	THY01-DN4	Thymus	HLA-I	HLA-I	SLLQDLVSV	9	4
38944	AUT01-DN12	Kidney	HLA-I	HLA-I	SLLDSVVGL	9	4
38944	AUT01-DN14	Bone marrow	HLA-I	HLA-I	SLLDSVVGL	9	4
38944	AUT01-DN15	Bone marrow	HLA-I	HLA-I	SLLDSVVGL	9	4
38944	OVA01-DN278	Ovary	HLA-I	HLA-I	SLLDSVVGL	9	4
38944	THY01-DN4	Thymus	HLA-I	HLA-I	SLLDSVVGL	9	4
39072	OVA01-DN278	Ovary	HLA-I	HLA-I	SLLDPLWTL	9	4
39072	THY01-DN4	Thymus	HLA-I	HLA-I	SLLDPLWTL	9	4
67030	AUT01-DN12	Lung	HLA-I	HLA-I	SLIKHKIML	9	4
72433	AUT01-DN04	Adrenal gland	HLA-I	HLA-I	SLIQHLEEI	9	4
72433	AUT01-DN04	Spleen	HLA-I	HLA-I	SLIQHLEEI	9	4
73092	AUT01-DN04	Adrenal gland	HLA-I	HLA-I	SLLRHLEKV	9	4
73092	AUT01-DN04	Kidney	HLA-I	HLA-I	SLLRHLEKV	9	4
73092	AUT01-DN04	Lung	HLA-I	HLA-I	SLLRHLEKV	9	4
73092	AUT01-DN12	Kidney	HLA-I	HLA-I	SLLRHLEKV	9	4
73092	AUT01-DN14	Lung	HLA-I	HLA-I	SLLRHLEKV	9	4
73092	OVA01-DN278	Ovary	HLA-I	HLA-I	SLLRHLEKV	9	4
78389	AUT01-DN04	Kidney	HLA-I	HLA-I	SLLKNLIYL	9	3
78389	AUT01-DN14	Spleen	HLA-I	HLA-I	SLLKNLIYL	9	3
78389	AUT01-DN15	Liver	HLA-I	HLA-I	SLLKNLIYL	9	3
78389	AUT01-DN15	Spleen	HLA-I	HLA-I	SLLKNLIYL	9	3
78403	AUT01-DN04	Kidney	HLA-I	HLA-I	VLLRVLILL	9	4
78403	AUT01-DN04	Ovary	HLA-I	HLA-I	VLLRVLILL	9	4
78403	OVA01-DN278	Ovary	HLA-I	HLA-I	VLLRVLILL	9	4
80464	AUT01-DN04	Liver	HLA-I	HLA-I	SLLPQLIEV	9	4
80464	AUT01-DN12	Liver	HLA-I	HLA-I	SLLPQLIEV	9	4
80464	AUT01-DN14	Bone marrow	HLA-I	HLA-I	SLLPQLIEV	9	4
80464	AUT01-DN14	Liver	HLA-I	HLA-I	SLLPQLIEV	9	4
80464	AUT01-DN15	Liver	HLA-I	HLA-I	SLLPQLIEV	9	4
85923	AUT01-DN04	Ovary	HLA-I	HLA-I	ILLSHLHYL	9	4
85923	AUT01-DN12	Colon	HLA-I	HLA-I	ILLSHLHYL	9	4
85923	AUT01-DN12	Kidney	HLA-I	HLA-I	ILLSHLHYL	9	4
85923	AUT01-DN12	Liver	HLA-I	HLA-I	ILLSHLHYL	9	4
85923	AUT01-DN12	Lung	HLA-I	HLA-I	ILLSHLHYL	9	4
85923	AUT01-DN12	Small intestine	HLA-I	HLA-I	ILLSHLHYL	9	4
85923	AUT01-DN12	Spleen	HLA-I	HLA-I	ILLSHLHYL	9	4
85923	AUT01-DN12	Tongue	HLA-I	HLA-I	ILLSHLHYL	9	4
85923	AUT01-DN12	Uterus	HLA-I	HLA-I	ILLSHLHYL	9	4
85923	AUT01-DN14	Adrenal gland	HLA-I	HLA-I	ILLSHLHYL	9	4
85923	AUT01-DN14	Bone marrow	HLA-I	HLA-I	ILLSHLHYL	9	4
85923	AUT01-DN14	Cerebellum	HLA-I	HLA-I	ILLSHLHYL	9	4
85923	AUT01-DN14	Esophagus	HLA-I	HLA-I	ILLSHLHYL	9	4
85923	AUT01-DN14	Kidney	HLA-I	HLA-I	ILLSHLHYL	9	4
85923	AUT01-DN14	Liver	HLA-I	HLA-I	ILLSHLHYL	9	4
85923	AUT01-DN14	Lung	HLA-I	HLA-I	ILLSHLHYL	9	4
85923	AUT01-DN14	Pancreas	HLA-I	HLA-I	ILLSHLHYL	9	4
85923	AUT01-DN14	Spleen	HLA-I	HLA-I	ILLSHLHYL	9	4
85923	AUT01-DN14	Thyroid	HLA-I	HLA-I	ILLSHLHYL	9	4
85923	AUT01-DN15	Adrenal gland	HLA-I	HLA-I	ILLSHLHYL	9	4
85923	AUT01-DN15	Bone marrow	HLA-I	HLA-I	ILLSHLHYL	9	4
85923	AUT01-DN15	Liver	HLA-I	HLA-I	ILLSHLHYL	9	4
85923	AUT01-DN15	Lung	HLA-I	HLA-I	ILLSHLHYL	9	4
85923	AUT01-DN15	Spleen	HLA-I	HLA-I	ILLSHLHYL	9	4
85923	OVA01-DN278	Ovary	HLA-I	HLA-I	ILLSHLHYL	9	4
88854	AUT01-DN04	Spleen	HLA-I	HLA-I	SLLQQLAEA	9	4
88854	AUT01-DN12	Spleen	HLA-I	HLA-I	SLLQQLAEA	9	4
88854	AUT01-DN14	Spleen	HLA-I	HLA-I	SLLQQLAEA	9	4
88854	AUT01-DN15	Spleen	HLA-I	HLA-I	SLLQQLAEA	9	4
110374	AUT01-DN14	Bone marrow	HLA-I	HLA-I	SPTVHLGL	8	4
119937	AUT01-DN14	Bone marrow	HLA-I	HLA-I	RLLQLLLQL	9	4
119937	OVA01-DN278	Ovary	HLA-I	HLA-I	RLLQLLLQL	9	4
125846	OVA01-DN278	Ovary	HLA-I	HLA-I	KLLKNLIGI	9	4
156077	AUT01-DN12	Kidney	HLA-I	HLA-I	SLLTQPIFL	9	4
156276	AUT01-DN12	Kidney	HLA-I	HLA-I	SLSQELVGV	9	4
156276	AUT01-DN12	Spleen	HLA-I	HLA-I	SLSQELVGV	9	4
156276	OVA01-DN278	Ovary	HLA-I	HLA-I	SLSQELVGV	9	4
156311	AUT01-DN12	Kidney	HLA-I	HLA-I	SLLEEKILL	9	4
156311	AUT01-DN12	Liver	HLA-I	HLA-I	SLLEEKILL	9	4
160309	AUT01-DN12	Lung	HLA-I	HLA-I	SLLQTNIAL	9	3
160309	AUT01-DN14	Lung	HLA-I	HLA-I	SLLQTNIAL	9	3
160309	OVA01-DN278	Ovary	HLA-I	HLA-I	SLLQTNIAL	9	3
160607	AUT01-DN12	Lung	HLA-I	HLA-I	ALLPHLYTL	9	4
160607	OVA01-DN278	Ovary	HLA-I	HLA-I	ALLPHLYTL	9	4
189909	AUT01-DN14	Bone marrow	HLA-I	HLA-I	YQLQHLTL	8	4
194109	AUT01-DN14	Lung	HLA-I	HLA-I	ARLQGLIL	8	4
194125	AUT01-DN14	Lung	HLA-I	HLA-I	SLFPHAICL	9	4
194334	AUT01-DN14	Lung	HLA-I	HLA-I	LQALHIGL	8	4
196904	AUT01-DN15	Adrenal gland	HLA-I	HLA-I	ELLQHHGL	8	3
196904	AUT01-DN15	Lung	HLA-I	HLA-I	ELLQHHGL	8	3
198907	AUT01-DN15	Bone marrow	HLA-I	HLA-I	DLLQRLDAL	9	4
198907	AUT01-DN15	Liver	HLA-I	HLA-I	DLLQRLDAL	9	4
198907	AUT01-DN15	Lung	HLA-I	HLA-I	DLLQRLDAL	9	4
198907	AUT01-DN15	Spleen	HLA-I	HLA-I	DLLQRLDAL	9	4
201294	AUT01-DN15	Lung	HLA-I	HLA-I	SLLYHLTAV	9	4
201294	OVA01-DN278	Ovary	HLA-I	HLA-I	SLLYHLTAV	9	4
201313	AUT01-DN15	Lung	HLA-I	HLA-I	ELLQKVITL	9	4
201318	AUT01-DN15	Lung	HLA-I	HLA-I	ILIEHLYGL	9	4
201318	OVA01-DN278	Ovary	HLA-I	HLA-I	ILIEHLYGL	9	4
201555	AUT01-DN15	Lung	HLA-I	HLA-I	SLLQRSMSL	9	4
201555	AUT01-DN15	Spleen	HLA-I	HLA-I	SLLQRSMSL	9	4
201616	AUT01-DN15	Lung	HLA-I	HLA-I	FLLQHVQEL	9	4
201728	AUT01-DN15	Lung	HLA-I	HLA-I	SLLQTQHAL	9	4
201728	OVA01-DN278	Ovary	HLA-I	HLA-I	SLLQTQHAL	9	4
201801	AUT01-DN15	Lung	HLA-I	HLA-I	LLSHLHYL	8	4
201804	AUT01-DN15	Lung	HLA-I	HLA-I	VLQQRLIAL	9	4
201804	AUT01-DN15	Spleen	HLA-I	HLA-I	VLQQRLIAL	9	4
201853	AUT01-DN15	Lung	HLA-I	HLA-I	SLLLKLIAV	9	4
203232	AUT01-DN15	Spleen	HLA-I	HLA-I	ELLKRLIAL	9	4
208191	OVA01-DN278	Ovary	HLA-I	HLA-I	KLLQNNYGL	9	4
208259	OVA01-DN278	Ovary	HLA-I	HLA-I	SLLSDIIAL	9	4
208378	OVA01-DN278	Ovary	HLA-I	HLA-I	SLFEHFIEL	9	4
208584	OVA01-DN278	Ovary	HLA-I	HLA-I	SLLAAPIML	9	4
208694	OVA01-DN278	Ovary	HLA-I	HLA-I	VLQQHLETL	9	4
208715	OVA01-DN278	Ovary	HLA-I	HLA-I	SLVPHNYGL	9	4
208729	OVA01-DN278	Ovary	HLA-I	HLA-I	RLLESLIRL	9	4
208842	OVA01-DN278	Ovary	HLA-I	HLA-I	SLSDALISL	9	4
208952	OVA01-DN278	Ovary	HLA-I	HLA-I	SLLPQLTGA	9	4
209159	OVA01-DN278	Ovary	HLA-I	HLA-I	SLLSELLGV	9	4
209163	OVA01-DN278	Ovary	HLA-I	HLA-I	GLLQFTILL	9	4
209200	OVA01-DN278	Ovary	HLA-I	HLA-I	KLYQHEINL	9	4
209390	OVA01-DN278	Ovary	HLA-I	HLA-I	KLSQYLIQL	9	4
209614	OVA01-DN278	Ovary	HLA-I	HLA-I	NLLQALITL	9	3
210033	OVA01-DN278	Ovary	HLA-I	HLA-I	SILSLLIKL	9	4
210042	OVA01-DN278	Ovary	HLA-I	HLA-I	SLIEVVIGL	9	4
210046	OVA01-DN278	Ovary	HLA-I	HLA-I	SLLLEVIEL	9	4
210055	OVA01-DN278	Ovary	HLA-I	HLA-I	SLLDTLVLL	9	4
210145	OVA01-DN278	Ovary	HLA-I	HLA-I	SLLSGLVRL	9	4
210149	OVA01-DN278	Ovary	HLA-I	HLA-I	SLLQHVLLL	9	3
210158	OVA01-DN278	Ovary	HLA-I	HLA-I	SLLQSILQL	9	4
