,job,query_epitope,query_allele,label,peptide,pep_len,unit_dist,weighted_dist,n_hits,n_donors,n_tissues,tissues,protected_hits,tolerated_hits,uncertain_hits,protected_tissues_n,tolerated_tissues_n,uncertain_tissues_n,protected_tissues,tolerated_tissues,uncertain_tissues
3978,MAGEA3_A01_EVDPIGHLY_on,EVDPIGHLY,A*01:01,weighted,EVLDFITHLY,10,3,2.7,1,1,1,Thymus,0,1,0,0,1,0,,Thymus,
3979,MAGEA3_A01_EVDPIGHLY_on,EVDPIGHLY,A*01:01,weighted,YVDSEGHLY,9,3,2.75,13,4,11,"Aorta,Bladder,Colon,Esophagus,Heart,Lung,Testis,Thymus,Thyroid,Tongue,Trachea",3,3,7,3,2,6,"Aorta,Colon,Heart","Testis,Thymus","Bladder,Esophagus,Lung,Thyroid,Tongue,Trachea"
3980,MAGEA3_A01_EVDPIGHLY_on,EVDPIGHLY,A*01:01,weighted,RVDPIGPLSY,10,3,2.85,12,5,11,"Adrenal gland,Aorta,Bone marrow,Cerebellum,Colon,Esophagus,Gallbladder,Lung,Thymus,Thyroid,Trachea",4,2,6,4,1,6,"Aorta,Bone marrow,Cerebellum,Colon",Thymus,"Adrenal gland,Esophagus,Gallbladder,Lung,Thyroid,Trachea"
3981,MAGEA3_A01_EVDPIGHLY_on,EVDPIGHLY,A*01:01,weighted,NVDPVQHTY,9,4,2.4,35,7,22,"Adrenal gland,Aorta,Bladder,Bone marrow,Brain,Colon,Esophagus,Gallbladder,Heart,Kidney,Liver,Lung,Lymph node,Pancreas,Skin,Small intestine,Spleen,Testis,Thymus,Thyroid,Tongue,Trachea",15,4,16,9,3,10,"Aorta,Bone marrow,Brain,Colon,Heart,Kidney,Liver,Pancreas,Small intestine","Spleen,Testis,Thymus","Adrenal gland,Bladder,Esophagus,Gallbladder,Lung,Lymph node,Skin,Thyroid,Tongue,Trachea"
3982,MAGEA3_A01_EVDPIGHLY_on,EVDPIGHLY,A*01:01,weighted,EIDKNDHLY,9,4,2.45,12,6,10,"Adrenal gland,Colon,Gallbladder,Liver,Lung,Testis,Thymus,Thyroid,Tongue,Trachea",2,3,7,2,2,6,"Colon,Liver","Testis,Thymus","Adrenal gland,Gallbladder,Lung,Thyroid,Tongue,Trachea"
3983,MAGEA3_A01_EVDPIGHLY_on,EVDPIGHLY,A*01:01,weighted,VSDPVGVLY,9,4,2.6499999,7,4,6,"Bone marrow,Colon,Lung,Thymus,Thyroid,Trachea",2,2,3,2,1,3,"Bone marrow,Colon",Thymus,"Lung,Thyroid,Trachea"
3984,MAGEA3_A01_EVDPIGHLY_on,EVDPIGHLY,A*01:01,weighted,YTDPVGVLY,9,4,2.6499999,1,1,1,Liver,1,0,0,1,0,0,Liver,,
3985,MAGEA3_A01_EVDPIGHLY_on,EVDPIGHLY,A*01:01,weighted,VVDNLQHLY,9,4,2.6999998,5,4,4,"Lung,Thymus,Thyroid,Tongue",0,2,3,0,1,3,,Thymus,"Lung,Thyroid,Tongue"
3986,MAGEA3_A01_EVDPIGHLY_on,EVDPIGHLY,A*01:01,weighted,VLDFITHLY,9,4,2.7,2,2,1,Thymus,0,2,0,0,1,0,,Thymus,
3987,MAGEA3_A01_EVDPIGHLY_on,EVDPIGHLY,A*01:01,weighted,EVAPAGASY,9,4,2.8,3,2,3,"Esophagus,Spleen,Thymus",0,2,1,0,2,1,,"Spleen,Thymus",Esophagus
3988,MAGEA3_A01_EVDPIGHLY_on,EVDPIGHLY,A*01:01,weighted,EEVDVPIKLY,10,4,3.15,1,1,1,Lung,0,0,1,0,0,1,,,Lung
3989,MAGEA3_A01_EVDPIGHLY_on,EVDPIGHLY,A*01:01,weighted,ESDPIVAQY,9,4,3.2,14,4,8,"Aorta,Bone marrow,Esophagus,Heart,Muscle,Skin,Thyroid,Tongue",5,0,9,3,0,5,"Aorta,Bone marrow,Heart",,"Esophagus,Muscle,Skin,Thyroid,Tongue"
6868,MAGEA3_112_A02_KVAELVHFL_on,KVAELVHFL,A*02:01,weighted,KVADLVLML,9,3,1.35,1,1,1,Ovary,0,1,0,0,1,0,,Ovary,
6869,MAGEA3_112_A02_KVAELVHFL_on,KVAELVHFL,A*02:01,weighted,KVMELLVHL,9,3,2.15,3,3,3,"Lung,Ovary,Thymus",0,2,1,0,2,1,,"Ovary,Thymus",Lung
6870,MAGEA3_112_A02_KVAELVHFL_on,KVAELVHFL,A*02:01,weighted,RLAEVVHEL,9,4,1.1,2,2,2,"Ovary,Thymus",0,2,0,0,2,0,,"Ovary,Thymus",
6871,MAGEA3_112_A02_KVAELVHFL_on,KVAELVHFL,A*02:01,weighted,SLAELVHAV,9,4,1.25,62,6,25,"Adrenal gland,Aorta,Bladder,Bone marrow,Brain,Cerebellum,Colon,Esophagus,Heart,Kidney,Liver,Lung,Lymph node,Muscle,Ovary,Pancreas,Skin,Small intestine,Spleen,Testis,Thymus,Thyroid,Tongue,Trachea,Uterus",25,11,26,10,5,10,"Aorta,Bone marrow,Brain,Cerebellum,Colon,Heart,Kidney,Liver,Pancreas,Small intestine","Ovary,Spleen,Testis,Thymus,Uterus","Adrenal gland,Bladder,Esophagus,Lung,Lymph node,Muscle,Skin,Thyroid,Tongue,Trachea"
6872,MAGEA3_112_A02_KVAELVHFL_on,KVAELVHFL,A*02:01,weighted,KLAEFIDFL,9,4,1.45,3,3,3,"Bone marrow,Ovary,Thymus",1,2,0,1,2,0,Bone marrow,"Ovary,Thymus",
6873,MAGEA3_112_A02_KVAELVHFL_on,KVAELVHFL,A*02:01,weighted,KVLDFEHFL,9,4,1.55,24,6,16,"Adrenal gland,Aorta,Bone marrow,Cerebellum,Colon,Esophagus,Kidney,Lung,Lymph node,Ovary,Spleen,Thymus,Thyroid,Tongue,Trachea,Uterus",10,5,9,5,4,7,"Aorta,Bone marrow,Cerebellum,Colon,Kidney","Ovary,Spleen,Thymus,Uterus","Adrenal gland,Esophagus,Lung,Lymph node,Thyroid,Tongue,Trachea"
6874,MAGEA3_112_A02_KVAELVHFL_on,KVAELVHFL,A*02:01,weighted,KVVALVHAV,9,4,1.55,2,2,2,"Lung,Ovary",0,1,1,0,1,1,,Ovary,Lung
6875,MAGEA3_112_A02_KVAELVHFL_on,KVAELVHFL,A*02:01,weighted,NVAELLHQV,9,4,1.5999999,11,2,11,"Aorta,Bone marrow,Colon,Esophagus,Kidney,Liver,Lymph node,Spleen,Thyroid,Tongue,Trachea",5,1,5,5,1,5,"Aorta,Bone marrow,Colon,Kidney,Liver",Spleen,"Esophagus,Lymph node,Thyroid,Tongue,Trachea"
6876,MAGEA3_112_A02_KVAELVHFL_on,KVAELVHFL,A*02:01,weighted,KVASLLHQV,9,4,1.5999999,1,1,1,Ovary,0,1,0,0,1,0,,Ovary,
6877,MAGEA3_112_A02_KVAELVHFL_on,KVAELVHFL,A*02:01,weighted,SIAEVVHQL,9,4,1.6,2,2,2,"Ovary,Thymus",0,2,0,0,2,0,,"Ovary,Thymus",
6878,MAGEA3_112_A02_KVAELVHFL_on,KVAELVHFL,A*02:01,weighted,LVADLVHTV,9,4,1.75,5,2,5,"Colon,Kidney,Liver,Lung,Lymph node",3,0,2,3,0,2,"Colon,Kidney,Liver",,"Lung,Lymph node"
6879,MAGEA3_112_A02_KVAELVHFL_on,KVAELVHFL,A*02:01,weighted,YVADLVHSA,9,4,1.9000001,1,1,1,Bone marrow,1,0,0,1,0,0,Bone marrow,,
6880,MAGEA3_112_A02_KVAELVHFL_on,KVAELVHFL,A*02:01,weighted,MVAEILHHL,9,4,2.0,1,1,1,Lung,0,0,1,0,0,1,,,Lung
6881,MAGEA3_112_A02_KVAELVHFL_on,KVAELVHFL,A*02:01,weighted,KLAEGVQLL,9,4,2.05,1,1,1,Ovary,0,1,0,0,1,0,,Ovary,
6882,MAGEA3_112_A02_KVAELVHFL_on,KVAELVHFL,A*02:01,weighted,KMAEMLVEL,9,4,2.35,5,4,5,"Adrenal gland,Bone marrow,Lung,Ovary,Thymus",1,2,2,1,2,2,Bone marrow,"Ovary,Thymus","Adrenal gland,Lung"
6883,MAGEA3_112_A02_KVAELVHFL_on,KVAELVHFL,A*02:01,weighted,KLAELEEAL,9,4,2.35,1,1,1,Thymus,0,1,0,0,1,0,,Thymus,
6884,MAGEA3_112_A02_KVAELVHFL_on,KVAELVHFL,A*02:01,weighted,KVDEIVVL,8,4,2.35,1,1,1,Ovary,0,1,0,0,1,0,,Ovary,
6885,MAGEA3_112_A02_KVAELVHFL_on,KVAELVHFL,A*02:01,weighted,KVQEQVHKV,9,4,2.3999999,1,1,1,Ovary,0,1,0,0,1,0,,Ovary,
6886,MAGEA3_112_A02_KVAELVHFL_on,KVAELVHFL,A*02:01,weighted,KVDEAVAVL,9,4,2.4499998,1,1,1,Ovary,0,1,0,0,1,0,,Ovary,
6887,MAGEA3_112_A02_KVAELVHFL_on,KVAELVHFL,A*02:01,weighted,SVASLVIFV,9,4,2.6,1,1,1,Ovary,0,1,0,0,1,0,,Ovary,
6888,MAGEA3_112_A02_KVAELVHFL_on,KVAELVHFL,A*02:01,weighted,GLAELGHRL,9,4,2.7,1,1,1,Ovary,0,1,0,0,1,0,,Ovary,
6889,MAGEA3_112_A02_KVAELVHFL_on,KVAELVHFL,A*02:01,weighted,EVAEFVQSL,9,4,2.8500001,1,1,1,Colon,1,0,0,1,0,0,Colon,,
6890,MAGEA3_112_A02_KVAELVHFL_on,KVAELVHFL,A*02:01,weighted,VLAELVAKL,9,4,2.9,2,2,2,"Ovary,Thymus",0,2,0,0,2,0,,"Ovary,Thymus",
6891,MAGEA3_112_A02_KVAELVHFL_on,KVAELVHFL,A*02:01,weighted,QVAERVEAL,9,4,3.1,1,1,1,Spleen,0,1,0,0,1,0,,Spleen,
6892,MAGEA3_112_A02_KVAELVHFL_on,KVAELVHFL,A*02:01,weighted,VVAVLPHIL,9,4,3.1,1,1,1,Lung,0,0,1,0,0,1,,,Lung
6893,MAGEA3_112_A02_KVAELVHFL_on,KVAELVHFL,A*02:01,weighted,EVAELFQRL,9,4,3.1000001,19,2,19,"Adrenal gland,Aorta,Bladder,Bone marrow,Brain,Cerebellum,Colon,Esophagus,Kidney,Liver,Lung,Lymph node,Muscle,Pancreas,Spleen,Testis,Thyroid,Tongue,Trachea",8,2,9,8,2,9,"Aorta,Bone marrow,Brain,Cerebellum,Colon,Kidney,Liver,Pancreas","Spleen,Testis","Adrenal gland,Bladder,Esophagus,Lung,Lymph node,Muscle,Thyroid,Tongue,Trachea"
6894,MAGEA3_112_A02_KVAELVHFL_on,KVAELVHFL,A*02:01,weighted,PYAERVYFL,9,4,3.1000001,1,1,1,Spleen,0,1,0,0,1,0,,Spleen,
1832,PRAME_A02_SLLQHLIGL_on,SLLQHLIGL,A*02:01,weighted,SLLQHLIGL,9,0,0.0,3,2,3,"Ovary,Thymus,Uterus",0,3,0,0,3,0,,"Ovary,Thymus,Uterus",
1833,PRAME_A02_SLLQHLIGL_on,SLLQHLIGL,A*02:01,weighted,SLLQHVLLL,9,3,0.95000005,1,1,1,Ovary,0,1,0,0,1,0,,Ovary,
1834,PRAME_A02_SLLQHLIGL_on,SLLQHLIGL,A*02:01,weighted,NLLQALITL,9,3,2.0,1,1,1,Ovary,0,1,0,0,1,0,,Ovary,
1835,PRAME_A02_SLLQHLIGL_on,SLLQHLIGL,A*02:01,weighted,SLLQTNIAL,9,3,2.35,3,3,2,"Lung,Ovary",0,1,2,0,1,1,,Ovary,Lung
1836,PRAME_A02_SLLQHLIGL_on,SLLQHLIGL,A*02:01,weighted,SLLKNLIYL,9,3,2.45,4,3,3,"Kidney,Liver,Spleen",2,2,0,2,1,0,"Kidney,Liver",Spleen,
1837,PRAME_A02_SLLQHLIGL_on,SLLQHLIGL,A*02:01,weighted,ELLQHHGL,8,3,2.75,2,1,2,"Adrenal gland,Lung",0,0,2,0,0,2,,,"Adrenal gland,Lung"
1838,PRAME_A02_SLLQHLIGL_on,SLLQHLIGL,A*02:01,weighted,SLLDKIIGA,9,4,1.2,56,6,25,"Adrenal gland,Aorta,Bladder,Bone marrow,Brain,Cerebellum,Colon,Esophagus,Heart,Kidney,Liver,Lung,Lymph node,Muscle,Ovary,Pancreas,Skin,Small intestine,Spleen,Testis,Thymus,Thyroid,Tongue,Trachea,Uterus",23,10,23,10,5,10,"Aorta,Bone marrow,Brain,Cerebellum,Colon,Heart,Kidney,Liver,Pancreas,Small intestine","Ovary,Spleen,Testis,Thymus,Uterus","Adrenal gland,Bladder,Esophagus,Lung,Lymph node,Muscle,Skin,Thyroid,Tongue,Trachea"
1839,PRAME_A02_SLLQHLIGL_on,SLLQHLIGL,A*02:01,weighted,SLLSELLGV,9,4,1.3,1,1,1,Ovary,0,1,0,0,1,0,,Ovary,
1840,PRAME_A02_SLLQHLIGL_on,SLLQHLIGL,A*02:01,weighted,SLMSHAIEL,9,4,1.45,9,6,5,"Bone marrow,Lung,Ovary,Thymus,Uterus",2,4,3,1,3,1,Bone marrow,"Ovary,Thymus,Uterus",Lung
1841,PRAME_A02_SLLQHLIGL_on,SLLQHLIGL,A*02:01,weighted,SLLDSVVGL,9,4,1.6999999,5,5,4,"Bone marrow,Kidney,Ovary,Thymus",3,2,0,2,2,0,"Bone marrow,Kidney","Ovary,Thymus",
1842,PRAME_A02_SLLQHLIGL_on,SLLQHLIGL,A*02:01,weighted,SLLEKSLGL,9,4,1.7,7,5,5,"Adrenal gland,Bone marrow,Kidney,Ovary,Thymus",4,2,1,2,2,1,"Bone marrow,Kidney","Ovary,Thymus",Adrenal gland
1843,PRAME_A02_SLLQHLIGL_on,SLLQHLIGL,A*02:01,weighted,SILQTLILV,9,4,1.75,2,2,2,"Ovary,Thymus",0,2,0,0,2,0,,"Ovary,Thymus",
1844,PRAME_A02_SLLQHLIGL_on,SLLQHLIGL,A*02:01,weighted,SLLLKLIAV,9,4,1.75,1,1,1,Lung,0,0,1,0,0,1,,,Lung
1845,PRAME_A02_SLLQHLIGL_on,SLLQHLIGL,A*02:01,weighted,SLLQSILQL,9,4,1.75,1,1,1,Ovary,0,1,0,0,1,0,,Ovary,
1846,PRAME_A02_SLLQHLIGL_on,SLLQHLIGL,A*02:01,weighted,SLSQELVGV,9,4,1.8,3,2,3,"Kidney,Ovary,Spleen",1,2,0,1,2,0,Kidney,"Ovary,Spleen",
1847,PRAME_A02_SLLQHLIGL_on,SLLQHLIGL,A*02:01,weighted,SLIEVVIGL,9,4,1.8499999,1,1,1,Ovary,0,1,0,0,1,0,,Ovary,
1848,PRAME_A02_SLLQHLIGL_on,SLLQHLIGL,A*02:01,weighted,SLLDNMIGV,9,4,1.85,24,6,14,"Aorta,Cerebellum,Colon,Esophagus,Kidney,Liver,Lung,Ovary,Pancreas,Skin,Small intestine,Spleen,Thymus,Uterus",12,5,7,7,4,3,"Aorta,Cerebellum,Colon,Kidney,Liver,Pancreas,Small intestine","Ovary,Spleen,Thymus,Uterus","Esophagus,Lung,Skin"
1849,PRAME_A02_SLLQHLIGL_on,SLLQHLIGL,A*02:01,weighted,ELLQKVITL,9,4,1.85,1,1,1,Lung,0,0,1,0,0,1,,,Lung
1850,PRAME_A02_SLLQHLIGL_on,SLLQHLIGL,A*02:01,weighted,ILIEHLYGL,9,4,1.9,2,2,2,"Lung,Ovary",0,1,1,0,1,1,,Ovary,Lung
1851,PRAME_A02_SLLQHLIGL_on,SLLQHLIGL,A*02:01,weighted,SVLGALIGV,9,4,1.9,2,2,2,"Ovary,Thymus",0,2,0,0,2,0,,"Ovary,Thymus",
1852,PRAME_A02_SLLQHLIGL_on,SLLQHLIGL,A*02:01,weighted,SLLQRSMSL,9,4,1.9000001,2,1,2,"Lung,Spleen",0,1,1,0,1,1,,Spleen,Lung
1853,PRAME_A02_SLLQHLIGL_on,SLLQHLIGL,A*02:01,weighted,SLLSGLVRL,9,4,1.95,1,1,1,Ovary,0,1,0,0,1,0,,Ovary,
1854,PRAME_A02_SLLQHLIGL_on,SLLQHLIGL,A*02:01,weighted,SLVPHNYGL,9,4,1.95,1,1,1,Ovary,0,1,0,0,1,0,,Ovary,
1855,PRAME_A02_SLLQHLIGL_on,SLLQHLIGL,A*02:01,weighted,SLAQYLINV,9,4,2.05,49,6,23,"Adrenal gland,Aorta,Bladder,Bone marrow,Brain,Cerebellum,Colon,Esophagus,Gallbladder,Kidney,Liver,Lung,Lymph node,Ovary,Pancreas,Small intestine,Spleen,Testis,Thymus,Thyroid,Tongue,Trachea,Uterus",20,10,19,9,5,9,"Aorta,Bone marrow,Brain,Cerebellum,Colon,Kidney,Liver,Pancreas,Small intestine","Ovary,Spleen,Testis,Thymus,Uterus","Adrenal gland,Bladder,Esophagus,Gallbladder,Lung,Lymph node,Thyroid,Tongue,Trachea"
1856,PRAME_A02_SLLQHLIGL_on,SLLQHLIGL,A*02:01,weighted,SLLSHVEQL,9,4,2.0500002,29,6,18,"Adrenal gland,Aorta,Bone marrow,Brain,Cerebellum,Colon,Esophagus,Kidney,Liver,Lung,Lymph node,Ovary,Pancreas,Spleen,Testis,Thymus,Thyroid,Uterus",11,9,9,8,5,5,"Aorta,Bone marrow,Brain,Cerebellum,Colon,Kidney,Liver,Pancreas","Ovary,Spleen,Testis,Thymus,Uterus","Adrenal gland,Esophagus,Lung,Lymph node,Thyroid"
1857,PRAME_A02_SLLQHLIGL_on,SLLQHLIGL,A*02:01,weighted,SILSLLIKL,9,4,2.0500002,1,1,1,Ovary,0,1,0,0,1,0,,Ovary,
1858,PRAME_A02_SLLQHLIGL_on,SLLQHLIGL,A*02:01,weighted,SLLSDIIAL,9,4,2.1,1,1,1,Ovary,0,1,0,0,1,0,,Ovary,
1859,PRAME_A02_SLLQHLIGL_on,SLLQHLIGL,A*02:01,weighted,SLAQYLINA,9,4,2.2,21,6,13,"Adrenal gland,Bladder,Bone marrow,Cerebellum,Kidney,Liver,Lung,Ovary,Pancreas,Spleen,Thymus,Thyroid,Trachea",9,3,9,5,3,5,"Bone marrow,Cerebellum,Kidney,Liver,Pancreas","Ovary,Spleen,Thymus","Adrenal gland,Bladder,Lung,Thyroid,Trachea"
1860,PRAME_A02_SLLQHLIGL_on,SLLQHLIGL,A*02:01,weighted,SLFPHAICL,9,4,2.25,1,1,1,Lung,0,0,1,0,0,1,,,Lung
1861,PRAME_A02_SLLQHLIGL_on,SLLQHLIGL,A*02:01,weighted,SELQVLLGY,9,4,2.3,2,2,2,"Ovary,Thymus",0,2,0,0,2,0,,"Ovary,Thymus",
1862,PRAME_A02_SLLQHLIGL_on,SLLQHLIGL,A*02:01,weighted,FLLQHVQEL,9,4,2.3000002,1,1,1,Lung,0,0,1,0,0,1,,,Lung
1863,PRAME_A02_SLLQHLIGL_on,SLLQHLIGL,A*02:01,weighted,SLFEHFIEL,9,4,2.35,1,1,1,Ovary,0,1,0,0,1,0,,Ovary,
1864,PRAME_A02_SLLQHLIGL_on,SLLQHLIGL,A*02:01,weighted,VLQQRLIAL,9,4,2.4,2,1,2,"Lung,Spleen",0,1,1,0,1,1,,Spleen,Lung
1865,PRAME_A02_SLLQHLIGL_on,SLLQHLIGL,A*02:01,weighted,VLLSHLSYL,9,4,2.4499998,31,6,18,"Adrenal gland,Bone marrow,Brain,Cerebellum,Colon,Esophagus,Kidney,Liver,Lung,Lymph node,Ovary,Small intestine,Spleen,Thymus,Thyroid,Tongue,Trachea,Uterus",11,8,12,7,4,7,"Bone marrow,Brain,Cerebellum,Colon,Kidney,Liver,Small intestine","Ovary,Spleen,Thymus,Uterus","Adrenal gland,Esophagus,Lung,Lymph node,Thyroid,Tongue,Trachea"
1866,PRAME_A02_SLLQHLIGL_on,SLLQHLIGL,A*02:01,weighted,SLIGHLQTL,9,4,2.45,23,6,13,"Adrenal gland,Bone marrow,Cerebellum,Esophagus,Kidney,Liver,Lung,Lymph node,Ovary,Pancreas,Small intestine,Spleen,Thymus",10,7,6,6,3,4,"Bone marrow,Cerebellum,Kidney,Liver,Pancreas,Small intestine","Ovary,Spleen,Thymus","Adrenal gland,Esophagus,Lung,Lymph node"
1867,PRAME_A02_SLLQHLIGL_on,SLLQHLIGL,A*02:01,weighted,KLLKNLIGI,9,4,2.45,1,1,1,Ovary,0,1,0,0,1,0,,Ovary,
1868,PRAME_A02_SLLQHLIGL_on,SLLQHLIGL,A*02:01,weighted,SLLDTLVLL,9,4,2.5,1,1,1,Ovary,0,1,0,0,1,0,,Ovary,
1869,PRAME_A02_SLLQHLIGL_on,SLLQHLIGL,A*02:01,weighted,SLLPQLIEV,9,4,2.55,5,4,2,"Bone marrow,Liver",5,0,0,2,0,0,"Bone marrow,Liver",,
1870,PRAME_A02_SLLQHLIGL_on,SLLQHLIGL,A*02:01,weighted,SILDGLIHL,9,4,2.5500002,2,2,2,"Ovary,Thymus",0,2,0,0,2,0,,"Ovary,Thymus",
1871,PRAME_A02_SLLQHLIGL_on,SLLQHLIGL,A*02:01,weighted,SLLPQLTGA,9,4,2.5500002,1,1,1,Ovary,0,1,0,0,1,0,,Ovary,
1872,PRAME_A02_SLLQHLIGL_on,SLLQHLIGL,A*02:01,weighted,ELLKRLIAL,9,4,2.6,1,1,1,Spleen,0,1,0,0,1,0,,Spleen,
1873,PRAME_A02_SLLQHLIGL_on,SLLQHLIGL,A*02:01,weighted,SLLLEVIEL,9,4,2.6,1,1,1,Ovary,0,1,0,0,1,0,,Ovary,
1874,PRAME_A02_SLLQHLIGL_on,SLLQHLIGL,A*02:01,weighted,KLLQNNYGL,9,4,2.6499999,1,1,1,Ovary,0,1,0,0,1,0,,Ovary,
1875,PRAME_A02_SLLQHLIGL_on,SLLQHLIGL,A*02:01,weighted,ALLQRLEAL,9,4,2.65,8,4,7,"Adrenal gland,Bone marrow,Liver,Lung,Ovary,Spleen,Thymus",3,3,2,2,3,2,"Bone marrow,Liver","Ovary,Spleen,Thymus","Adrenal gland,Lung"
1876,PRAME_A02_SLLQHLIGL_on,SLLQHLIGL,A*02:01,weighted,RLLQLLLQL,9,4,2.65,2,2,2,"Bone marrow,Ovary",1,1,0,1,1,0,Bone marrow,Ovary,
1877,PRAME_A02_SLLQHLIGL_on,SLLQHLIGL,A*02:01,weighted,SLIKHKIML,9,4,2.65,1,1,1,Lung,0,0,1,0,0,1,,,Lung
1878,PRAME_A02_SLLQHLIGL_on,SLLQHLIGL,A*02:01,weighted,ILLSHLHYL,9,4,2.6999998,25,5,15,"Adrenal gland,Bone marrow,Cerebellum,Colon,Esophagus,Kidney,Liver,Lung,Ovary,Pancreas,Small intestine,Spleen,Thyroid,Tongue,Uterus",11,6,8,7,3,5,"Bone marrow,Cerebellum,Colon,Kidney,Liver,Pancreas,Small intestine","Ovary,Spleen,Uterus","Adrenal gland,Esophagus,Lung,Thyroid,Tongue"
1879,PRAME_A02_SLLQHLIGL_on,SLLQHLIGL,A*02:01,weighted,SLLTQPIFL,9,4,2.7,1,1,1,Kidney,1,0,0,1,0,0,Kidney,,
1880,PRAME_A02_SLLQHLIGL_on,SLLQHLIGL,A*02:01,weighted,DLLQRLDAL,9,4,2.75,4,1,4,"Bone marrow,Liver,Lung,Spleen",2,1,1,2,1,1,"Bone marrow,Liver",Spleen,Lung
1881,PRAME_A02_SLLQHLIGL_on,SLLQHLIGL,A*02:01,weighted,ALLPHLYTL,9,4,2.75,2,2,2,"Lung,Ovary",0,1,1,0,1,1,,Ovary,Lung
1882,PRAME_A02_SLLQHLIGL_on,SLLQHLIGL,A*02:01,weighted,SLLDPLWTL,9,4,2.85,2,2,2,"Ovary,Thymus",0,2,0,0,2,0,,"Ovary,Thymus",
1883,PRAME_A02_SLLQHLIGL_on,SLLQHLIGL,A*02:01,weighted,FLLQHQTFL,9,4,2.9499998,29,6,16,"Adrenal gland,Aorta,Bone marrow,Colon,Esophagus,Heart,Kidney,Liver,Lung,Lymph node,Ovary,Small intestine,Spleen,Thymus,Tongue,Uterus",12,8,9,7,4,5,"Aorta,Bone marrow,Colon,Heart,Kidney,Liver,Small intestine","Ovary,Spleen,Thymus,Uterus","Adrenal gland,Esophagus,Lung,Lymph node,Tongue"
1884,PRAME_A02_SLLQHLIGL_on,SLLQHLIGL,A*02:01,weighted,SLFQSRISL,9,4,2.9499998,2,2,2,"Ovary,Thymus",0,2,0,0,2,0,,"Ovary,Thymus",
1885,PRAME_A02_SLLQHLIGL_on,SLLQHLIGL,A*02:01,weighted,KLYQHEINL,9,4,2.9499998,1,1,1,Ovary,0,1,0,0,1,0,,Ovary,
1886,PRAME_A02_SLLQHLIGL_on,SLLQHLIGL,A*02:01,weighted,ALLDNNIGL,9,4,3.0,13,6,9,"Adrenal gland,Colon,Kidney,Liver,Lung,Ovary,Pancreas,Spleen,Thymus",5,3,5,4,3,2,"Colon,Kidney,Liver,Pancreas","Ovary,Spleen,Thymus","Adrenal gland,Lung"
1887,PRAME_A02_SLLQHLIGL_on,SLLQHLIGL,A*02:01,weighted,LLSHLHYL,8,4,3.0,1,1,1,Lung,0,0,1,0,0,1,,,Lung
1888,PRAME_A02_SLLQHLIGL_on,SLLQHLIGL,A*02:01,weighted,SLLEEKILL,9,4,3.05,2,1,2,"Kidney,Liver",2,0,0,2,0,0,"Kidney,Liver",,
1889,PRAME_A02_SLLQHLIGL_on,SLLQHLIGL,A*02:01,weighted,YQLQHLTL,8,4,3.1,1,1,1,Bone marrow,1,0,0,1,0,0,Bone marrow,,
1890,PRAME_A02_SLLQHLIGL_on,SLLQHLIGL,A*02:01,weighted,VLQQHLETL,9,4,3.1999998,1,1,1,Ovary,0,1,0,0,1,0,,Ovary,
1891,PRAME_A02_SLLQHLIGL_on,SLLQHLIGL,A*02:01,weighted,SPTVHLGL,8,4,3.25,1,1,1,Bone marrow,1,0,0,1,0,0,Bone marrow,,
1892,PRAME_A02_SLLQHLIGL_on,SLLQHLIGL,A*02:01,weighted,RLLESLIRL,9,4,3.25,1,1,1,Ovary,0,1,0,0,1,0,,Ovary,
1893,PRAME_A02_SLLQHLIGL_on,SLLQHLIGL,A*02:01,weighted,SLLQGSPHL,9,4,3.25,1,1,1,Thymus,0,1,0,0,1,0,,Thymus,
